FG_PCT_home,FT_PCT_home,FG3_PCT_home,AST_home,REB_home,FG_PCT_away,FT_PCT_away,FG3_PCT_away,AST_away,REB_away
0.425,0.917,0.393,27,41,0.413,1,0.413,27,44
0.466,0.867,0.225,23,39,0.413,0.677,0.344,18,47
0.4,0.737,0.395,22,42,0.44,0.8,0.349,20,55
0.483,0.708,0.371,28,47,0.462,0.867,0.375,22,31
0.453,0.7,0.405,25,42,0.375,0.765,0.405,24,43
0.443,0.733,0.422,24,39,0.506,0.813,0.512,33,39
0.42,0.667,0.2,16,44,0.412,0.792,0.344,22,51
0.444,0.903,0.333,22,34,0.462,0.96,0.429,25,37
0.511,1,0.389,36,51,0.451,0.76,0.405,22,34
0.319,0.929,0.156,14,49,0.465,0.739,0.303,24,46
0.5,0.773,0.465,30,45,0.488,0.654,0.357,26,42
0.397,0.842,0.235,21,60,0.333,0.571,0.389,22,39
0.4,0.794,0.289,18,33,0.469,0.88,0.344,28,47
0.486,0.767,0.375,21,44,0.467,0.857,0.333,22,34
0.561,0.8,0.5,33,43,0.474,0.759,0.467,22,30
0.442,0.727,0.294,21,42,0.512,0.913,0.5,28,41
0.561,0.625,0.345,24,51,0.36,0.667,0.229,14,35
0.488,0.882,0.333,18,39,0.456,0.75,0.324,22,38
0.42,0.722,0.4,29,48,0.367,0.688,0.121,20,56
0.409,0.889,0.241,15,49,0.437,0.652,0.395,22,42
0.394,0.727,0.377,24,70,0.354,0.65,0.417,21,44
0.414,0.857,0.324,21,35,0.483,0.727,0.25,19,49
0.455,0.75,0.41,18,39,0.397,0.857,0.333,18,45
0.512,0.867,0.323,25,36,0.435,0.81,0.448,22,49
0.475,0.733,0.439,37,55,0.45,0.692,0.359,22,37
0.536,0.739,0.394,26,46,0.365,0.933,0.281,14,36
0.494,0.75,0.375,28,50,0.38,0.667,0.25,9,38
0.415,0.778,0.333,18,48,0.5,0.9,0.378,25,38
0.4,0.909,0.243,25,54,0.417,0.6,0.257,25,48
0.447,0.789,0.455,22,37,0.464,0.778,0.36,27,44
0.544,0.765,0.485,25,32,0.463,0.893,0.2,24,33
0.404,0.824,0.265,20,53,0.368,0.824,0.273,23,47
0.624,0.905,0.531,34,38,0.435,0.762,0.372,21,30
0.478,0.864,0.485,22,43,0.351,0.75,0.233,14,36
0.444,0.769,0.333,25,36,0.447,0.867,0.464,23,45
0.513,0.806,0.483,25,44,0.452,0.864,0.267,17,34
0.645,0.857,0.52,28,34,0.456,0.833,0.415,19,25
0.475,0.867,0.465,28,40,0.466,0.652,0.167,16,37
0.396,0.952,0.311,17,49,0.421,0.778,0.184,27,52
0.435,0.944,0.25,21,47,0.43,0.9,0.176,18,37
0.505,1,0.393,27,51,0.471,0.72,0.41,16,36
0.333,0.75,0.36,21,48,0.411,0.714,0.353,22,54
0.432,0.75,0.4,26,46,0.484,0.65,0.368,31,52
0.452,0.692,0.387,22,37,0.465,0.792,0.469,24,55
0.393,0.8,0.2,15,37,0.58,0.957,0.4,32,47
0.506,0.895,0.333,25,36,0.6,0.944,0.4,23,32
0.429,0.75,0.257,20,48,0.45,0.818,0.395,22,37
0.494,0.8,0.389,23,51,0.424,0.636,0.288,24,37
0.451,0.714,0.419,28,37,0.444,0.69,0.207,26,50
0.451,0.762,0.226,19,33,0.419,0.857,0.32,15,42
0.415,0.667,0.25,24,53,0.446,0.875,0.424,23,42
0.5,0.8,0.37,28,40,0.4,0.8,0.2,14,47
0.506,0.586,0.371,28,38,0.472,0.818,0.4,26,45
0.383,0.8,0.27,21,37,0.512,0.846,0.258,24,40
0.435,0.762,0.279,16,49,0.377,0.762,0.1,12,40
0.389,0.941,0.25,27,44,0.523,0.667,0.515,21,51
0.562,0.806,0.484,28,33,0.5,0.719,0.353,26,36
0.4,0.55,0.357,18,41,0.435,0.81,0.31,22,48
0.471,0.762,0.25,20,48,0.506,0.667,0.259,33,39
0.42,0.8,0.235,19,46,0.425,0.84,0.419,24,41
0.405,0.619,0.286,17,46,0.429,0.783,0.341,15,43
0.506,0.813,0.414,25,33,0.5,0.929,0.308,26,34
0.473,0.775,0.5,23,34,0.488,0.76,0.469,31,39
0.513,0.81,0.375,23,36,0.441,0.824,0.311,30,45
0.393,0.6,0.265,22,43,0.473,0.714,0.366,27,55
0.481,0.774,0.344,17,45,0.506,0.815,0.154,26,35
0.388,0.739,0.343,21,41,0.422,0.645,0.378,22,48
0.565,0.939,0.321,20,32,0.494,0.839,0.429,24,32
0.5,0.815,0.423,25,44,0.554,0.643,0.45,29,30
0.52,0.806,0.355,27,36,0.461,0.794,0.476,16,36
0.442,0.667,0.371,23,32,0.514,0.75,0.419,18,46
0.463,0.645,0.389,27,44,0.494,0.933,0.48,25,43
0.481,0.862,0.389,21,34,0.471,0.786,0.3,21,40
0.478,0.781,0.324,29,48,0.395,0.893,0.289,16,40
0.5,0.833,0.371,26,33,0.548,0.8,0.567,32,43
0.522,0.867,0.467,20,41,0.427,0.833,0.344,16,35
0.47,0.769,0.468,22,31,0.463,0.85,0.379,19,50
0.548,0.708,0.425,27,35,0.425,0.905,0.361,20,47
0.524,0.611,0.474,35,40,0.387,0.852,0.278,16,38
0.472,0.792,0.364,24,43,0.538,0.792,0.458,20,29
0.405,0.652,0.263,19,58,0.323,0.895,0.189,17,53
0.382,0.765,0.281,17,34,0.434,0.87,0.318,15,53
0.453,0.744,0.259,25,35,0.5,0.889,0.39,32,46
0.512,0.853,0.5,29,39,0.488,0.826,0.4,27,35
0.524,0.724,0.457,33,41,0.462,0.769,0.314,26,35
0.457,0.824,0.361,23,36,0.488,0.909,0.29,15,42
0.412,0.647,0.25,20,45,0.489,0.52,0.273,20,54
0.521,0.72,0.5,31,54,0.378,0.759,0.317,22,41
0.543,0.739,0.4,25,53,0.407,0.727,0.382,19,34
0.536,0.667,0.321,33,43,0.446,0.85,0.346,26,40
0.434,0.622,0.4,19,49,0.436,0.741,0.457,19,39
0.539,0.714,0.545,34,48,0.447,0.615,0.348,25,43
0.543,0.706,0.5,39,48,0.443,0.781,0.4,27,41
0.461,0.75,0.37,24,34,0.517,0.792,0.553,29,50
0.382,0.63,0.319,27,45,0.545,1,0.375,34,56
0.46,0.833,0.349,32,48,0.391,0.909,0.286,27,43
0.495,0.857,0.397,33,48,0.426,0.75,0.38,20,47
0.523,0.913,0.2,25,42,0.458,0.655,0.324,26,42
0.505,0.773,0.355,30,32,0.53,0.788,0.476,22,48
0.541,0.783,0.556,34,43,0.483,1,0.355,26,35
0.49,0.778,0.319,33,45,0.468,0.894,0.372,26,50
0.557,0.857,0.514,34,57,0.378,0.556,0.265,17,40
0.424,0.75,0.35,24,42,0.605,0.846,0.576,33,41
0.408,0.733,0.298,27,50,0.526,0.733,0.538,26,40
0.373,0.75,0.265,21,32,0.451,0.737,0.25,23,60
0.556,0.778,0.353,37,42,0.526,0.778,0.435,28,31
0.589,0.739,0.514,41,48,0.451,0.743,0.2,23,29
0.4,0.741,0.323,19,41,0.407,0.788,0.25,23,51
0.488,0.8,0.488,29,48,0.442,0.625,0.25,24,42
0.389,0.913,0.208,27,43,0.495,0.87,0.297,29,51
0.507,0.765,0.321,21,37,0.466,0.8,0.41,27,42
0.467,0.952,0.375,30,45,0.488,0.792,0.296,19,31
0.458,0.957,0.241,20,41,0.531,0.792,0.345,24,41
0.556,0.786,0.423,20,33,0.477,0.895,0.235,17,43
0.537,0.8,0.542,25,31,0.605,1,0.475,34,38
0.532,0.774,0.444,25,51,0.373,0.75,0.219,20,29
0.398,0.727,0.289,20,44,0.5,0.867,0.316,27,46
0.5,0.744,0.29,23,45,0.455,0.789,0.207,21,44
0.522,0.741,0.353,29,56,0.4,0.769,0.313,27,43
0.495,0.778,0.455,22,41,0.493,0.84,0.528,26,37
0.505,0.714,0.368,27,48,0.494,0.737,0.42,30,44
0.427,0.806,0.377,25,47,0.483,0.735,0.357,31,45
0.473,0.839,0.351,31,49,0.522,0.846,0.355,28,27
0.55,0.88,0.4,27,43,0.472,0.737,0.393,30,34
0.526,1,0.5,39,45,0.446,0.763,0.281,14,42
0.427,0.914,0.367,26,42,0.563,0.765,0.455,28,41
0.386,0.583,0.342,22,42,0.441,0.778,0.341,28,49
0.467,0.842,0.41,26,39,0.488,0.818,0.286,26,44
0.438,0.739,0.304,19,40,0.489,0.636,0.459,29,42
0.583,0.75,0.417,29,55,0.411,0.647,0.432,27,32
0.44,0.795,0.353,20,55,0.389,0.667,0.354,29,54
0.474,0.952,0.3,29,48,0.54,0.778,0.575,34,36
0.505,0.667,0.457,31,43,0.488,0.682,0.444,25,47
0.453,0.926,0.405,22,52,0.404,0.56,0.256,18,48
0.571,0.862,0.548,29,41,0.529,0.722,0.316,34,31
0.436,0.677,0.257,20,60,0.457,0.667,0.378,31,43
0.429,1,0.273,22,42,0.529,0.92,0.343,32,47
0.451,0.72,0.341,27,38,0.554,0.5,0.433,38,52
0.481,0.5,0.31,15,47,0.422,0.813,0.344,24,40
0.418,0.667,0.212,22,51,0.494,0.667,0.462,31,48
0.417,0.674,0.316,23,61,0.386,0.828,0.419,26,51
0.513,0.909,0.367,28,34,0.511,0.808,0.48,26,44
0.49,0.778,0.359,38,53,0.453,0.767,0.31,22,46
0.615,0.692,0.523,39,39,0.463,0.9,0.381,21,32
0.442,0.722,0.375,25,36,0.513,0.889,0.421,28,38
0.533,0.667,0.3,31,40,0.573,0.793,0.387,33,38
0.479,0.789,0.316,33,58,0.434,0.778,0.512,31,38
0.449,0.742,0.455,24,41,0.413,0.833,0.355,23,50
0.353,0.593,0.273,18,40,0.484,0.813,0.341,29,56
0.422,0.794,0.308,19,38,0.519,0.636,0.474,30,38
0.565,0.69,0.4,28,36,0.593,0.8,0.415,32,32
0.494,0.778,0.415,33,54,0.416,0.882,0.184,22,33
0.452,0.767,0.333,25,51,0.393,0.667,0.356,22,39
0.383,0.875,0.212,19,35,0.519,0.733,0.471,29,47
0.474,0.8,0.477,33,41,0.402,0.778,0.375,22,54
0.609,0.81,0.488,38,47,0.483,0.792,0.367,34,32
0.403,0.765,0.433,19,35,0.543,0.762,0.441,26,43
0.419,0.755,0.317,18,54,0.424,0.737,0.459,17,52
0.43,0.897,0.265,21,39,0.537,0.815,0.5,28,41
0.476,0.917,0.417,30,41,0.427,0.727,0.326,19,47
0.43,0.909,0.314,24,45,0.419,0.85,0.31,21,41
0.544,0.909,0.515,33,45,0.436,0.923,0.289,14,36
0.542,0.929,0.364,29,40,0.519,0.957,0.472,25,30
0.423,0.692,0.378,26,45,0.519,0.765,0.429,29,47
0.451,0.821,0.292,30,48,0.547,0.588,0.37,27,39
0.532,0.611,0.32,30,38,0.609,0.75,0.535,34,36
0.429,0.621,0.324,24,54,0.426,0.833,0.313,29,44
0.568,0.786,0.432,34,44,0.446,0.7,0.429,27,42
0.535,0.897,0.343,36,44,0.5,0.861,0.475,26,38
0.476,0.71,0.407,24,40,0.519,0.862,0.269,23,37
0.5,0.667,0.286,26,38,0.449,0.893,0.269,22,39
0.495,0.857,0.436,27,48,0.433,0.786,0.233,19,47
0.464,0.688,0.486,31,41,0.449,0.824,0.293,17,57
0.49,0.781,0.345,24,50,0.5,0.923,0.444,26,40
0.511,0.625,0.341,25,41,0.494,0.714,0.28,18,40
0.506,0.773,0.44,24,39,0.523,0.8,0.381,28,38
0.454,0.783,0.3,29,37,0.625,0.929,0.429,33,43
0.511,0.769,0.361,35,51,0.417,0.864,0.324,21,42
0.412,0.739,0.297,27,44,0.481,0.68,0.382,27,42
0.471,0.692,0.364,23,43,0.544,0.882,0.343,39,40
0.5,0.733,0.5,32,47,0.402,0.739,0.297,26,48
0.457,0.76,0.31,23,51,0.463,0.722,0.269,21,44
0.471,0.704,0.415,31,42,0.538,0.909,0.462,28,43
0.506,0.813,0.4,26,37,0.484,0.727,0.41,26,40
0.422,0.8,0.342,26,48,0.413,0.8,0.25,20,46
0.459,0.833,0.333,30,41,0.513,0.795,0.25,26,40
0.483,0.778,0.39,28,40,0.5,0.696,0.368,26,48
0.481,0.706,0.231,25,37,0.506,0.833,0.333,26,36
0.553,0.912,0.536,24,41,0.485,0.846,0.421,28,39
0.517,0.783,0.435,27,46,0.449,0.818,0.273,20,48
0.494,0.857,0.417,21,33,0.551,0.586,0.387,23,38
0.473,0.667,0.31,33,40,0.465,0.75,0.364,29,51
0.446,0.87,0.317,26,41,0.483,0.538,0.27,31,45
0.517,0.889,0.472,32,28,0.547,0.808,0.486,32,40
0.544,1,0.475,30,48,0.457,0.778,0.343,21,32
0.427,0.6,0.343,19,46,0.43,0.909,0.261,16,47
0.434,0.722,0.256,16,52,0.411,0.786,0.3,23,57
0.413,0.857,0.408,26,44,0.47,0.786,0.241,28,56
0.467,0.714,0.4,26,52,0.407,0.769,0.31,18,40
0.455,0.692,0.4,28,47,0.533,0.72,0.444,32,49
0.459,0.889,0.276,23,37,0.4,0.793,0.317,19,51
0.563,0.905,0.436,27,45,0.536,0.667,0.438,26,30
0.524,0.864,0.571,33,42,0.427,0.795,0.242,20,46
0.517,0.647,0.481,24,40,0.416,0.769,0.278,22,45
0.484,0.792,0.333,25,41,0.525,0.625,0.4,26,39
0.443,0.654,0.206,30,50,0.429,0.783,0.531,26,53
0.519,0.708,0.5,21,45,0.461,0.6,0.353,23,36
0.444,0.684,0.313,23,42,0.424,0.88,0.269,22,49
0.425,1,0.361,27,57,0.429,0.792,0.306,24,59
0.607,0.737,0.469,34,42,0.418,0.7,0.306,23,35
0.415,0.704,0.226,17,46,0.48,0.84,0.238,23,37
0.44,0.731,0.294,20,39,0.47,0.808,0.333,26,40
0.48,0.696,0.351,30,54,0.398,0.808,0.219,19,46
0.482,0.958,0.258,33,47,0.464,0.938,0.389,29,36
0.398,0.706,0.3,21,51,0.524,0.667,0.429,34,38
0.466,0.706,0.382,26,45,0.452,0.727,0.362,25,38
0.411,0.929,0.188,19,48,0.434,0.905,0.3,23,45
0.517,0.789,0.378,27,44,0.478,0.769,0.341,27,47
0.5,0.84,0.364,18,35,0.439,0.786,0.34,23,42
0.512,0.792,0.344,26,45,0.389,0.789,0.233,21,45
0.506,0.739,0.15,28,38,0.518,0.87,0.422,27,37
0.4,0.84,0.32,19,39,0.467,0.875,0.429,23,52
0.472,0.895,0.432,26,40,0.468,0.818,0.4,24,36
0.538,0.706,0.5,34,55,0.424,0.696,0.273,20,31
0.519,0.875,0.457,23,41,0.467,0.556,0.289,25,41
0.494,0.941,0.414,23,43,0.513,0.789,0.412,25,33
0.593,0.704,0.469,27,37,0.605,0.793,0.481,32,29
0.472,0.529,0.283,26,45,0.518,0.882,0.444,30,40
0.5,0.88,0.364,30,54,0.402,0.867,0.318,21,40
0.462,1,0.389,34,42,0.524,0.706,0.324,26,36
0.595,0.857,0.528,37,39,0.398,0.905,0.222,13,40
0.435,0.762,0.389,26,34,0.519,0.852,0.417,23,45
0.465,0.864,0.5,28,46,0.494,0.926,0.36,18,39
0.442,0.864,0.302,27,45,0.523,0.793,0.364,30,43
0.481,0.833,0.415,21,44,0.387,0.813,0.333,24,45
0.488,0.818,0.242,24,42,0.402,0.75,0.143,17,45
0.515,0.625,0.367,25,45,0.516,0.786,0.37,26,43
0.383,0.944,0.269,18,43,0.489,0.917,0.432,34,53
0.43,0.8,0.278,25,39,0.4,0.688,0.344,21,48
0.488,0.538,0.382,20,41,0.494,0.815,0.417,26,43
0.61,0.7,0.429,26,53,0.424,0.538,0.394,21,33
0.542,0.913,0.5,31,40,0.488,0.808,0.313,27,35
0.506,0.867,0.351,34,35,0.444,0.875,0.375,23,47
0.523,0.842,0.359,29,38,0.564,0.813,0.375,34,41
0.424,0.829,0.257,22,48,0.42,0.755,0.286,22,47
0.5,0.75,0.405,26,45,0.475,1,0.303,23,34
0.542,0.867,0.367,31,41,0.446,0.818,0.359,18,37
0.489,0.583,0.393,28,42,0.44,0.867,0.188,26,49
0.494,0.846,0.513,30,44,0.412,0.875,0.207,24,47
0.516,0.714,0.459,23,42,0.512,0.853,0.375,22,42
0.482,0.762,0.304,27,47,0.396,0.793,0.361,21,50
0.571,0.857,0.429,38,41,0.469,0.722,0.273,23,32
0.43,0.583,0.323,26,45,0.479,0.824,0.471,26,51
0.471,0.87,0.313,22,40,0.448,0.889,0.333,22,54
0.386,0.792,0.226,22,60,0.326,0.667,0.271,19,47
0.429,0.833,0.471,27,42,0.5,0.852,0.429,25,50
0.373,0.714,0.4,20,37,0.459,0.793,0.37,16,49
0.402,0.8,0.359,22,41,0.573,1,0.475,29,38
0.411,0.75,0.259,21,40,0.376,0.696,0.269,16,56
0.456,0.714,0.333,26,57,0.388,0.76,0.375,25,44
0.511,0.846,0.468,30,44,0.443,0.824,0.365,27,51
0.5,0.778,0.476,33,46,0.438,0.8,0.368,18,44
0.511,0.565,0.385,28,44,0.482,0.737,0.433,23,38
0.518,0.839,0.419,30,36,0.527,0.909,0.371,25,41
0.493,0.913,0.421,23,38,0.463,0.714,0.375,21,40
0.495,0.81,0.464,28,40,0.465,0.739,0.364,18,48
0.584,0.848,0.4,24,45,0.5,0.583,0.371,29,37
0.449,0.654,0.378,31,46,0.5,0.778,0.303,35,51
0.344,0.778,0.303,18,60,0.43,0.762,0.382,19,38
0.505,0.65,0.324,25,46,0.49,0.714,0.442,33,43
0.484,0.833,0.353,25,46,0.476,0.783,0.294,19,47
0.494,0.875,0.444,24,42,0.465,0.684,0.326,29,46
0.36,0.8,0.25,22,40,0.5,0.778,0.412,24,58
0.485,0.786,0.364,30,59,0.36,0.905,0.314,23,43
0.56,0.923,0.44,23,49,0.412,0.806,0.259,20,37
0.418,0.75,0.361,23,37,0.561,0.706,0.55,33,43
0.485,0.714,0.367,24,45,0.5,0.645,0.465,34,45
0.494,0.826,0.314,30,43,0.43,0.929,0.351,28,43
0.488,0.844,0.321,25,39,0.519,0.857,0.375,24,39
0.471,0.71,0.217,26,48,0.511,0.952,0.405,30,41
0.495,0.8,0.346,28,45,0.494,1,0.353,21,37
0.5,0.821,0.421,31,47,0.44,0.5,0.324,26,41
0.494,0.632,0.41,26,33,0.558,0.769,0.394,32,49
0.444,0.871,0.405,22,51,0.419,0.696,0.227,23,38
0.439,0.85,0.463,31,48,0.524,0.724,0.371,24,47
0.506,0.759,0.487,20,47,0.473,0.706,0.353,28,37
0.372,0.813,0.229,19,38,0.469,0.864,0.375,23,53
0.489,0.857,0.372,27,39,0.528,0.719,0.514,21,47
0.487,0.867,0.367,27,41,0.458,0.762,0.344,14,43
0.418,0.737,0.2,23,49,0.514,0.6,0.375,38,51
0.379,0.778,0.366,25,37,0.602,0.824,0.593,35,48
0.403,0.897,0.364,20,44,0.463,0.636,0.294,23,39
0.5,0.708,0.353,29,45,0.544,1,0.529,35,34
0.477,0.719,0.5,28,49,0.439,0.765,0.333,29,43
0.367,0.938,0.25,28,49,0.5,0.714,0.417,25,56
0.429,0.813,0.364,25,48,0.537,0.65,0.394,29,42
0.467,0.842,0.364,31,49,0.538,0.762,0.571,33,37
0.536,0.846,0.371,33,36,0.578,0.875,0.515,28,40
0.536,0.818,0.4,26,44,0.512,0.783,0.385,28,35
0.476,0.923,0.4,25,45,0.409,0.955,0.294,22,40
0.398,0.833,0.354,21,45,0.465,0.862,0.387,21,42
0.391,0.759,0.31,20,43,0.406,0.722,0.27,24,64
0.494,0.727,0.207,30,39,0.47,0.857,0.379,27,40
0.45,0.9,0.414,23,44,0.449,0.8,0.333,25,46
0.375,0.895,0.243,16,45,0.446,0.737,0.405,20,42
0.451,0.7,0.419,28,50,0.38,0.865,0.378,21,45
0.548,0.917,0.447,27,36,0.517,0.808,0.429,23,43
0.516,0.706,0.313,30,45,0.506,0.6,0.387,24,39
0.423,0.821,0.317,25,44,0.471,0.9,0.379,30,57
0.569,0.857,0.364,36,51,0.444,0.742,0.4,24,37
0.398,0.76,0.333,23,53,0.422,0.875,0.357,21,46
0.443,0.933,0.429,20,46,0.419,0.824,0.208,19,40
0.412,0.813,0.324,28,52,0.489,1,0.389,23,47
0.484,0.933,0.4,33,55,0.413,0.696,0.386,27,39
0.551,0.75,0.407,32,39,0.471,0.76,0.387,28,50
0.558,0.71,0.39,21,44,0.5,0.857,0.394,27,33
0.516,0.909,0.367,21,43,0.47,0.963,0.412,26,35
0.465,0.88,0.4,31,49,0.456,1,0.333,24,37
0.478,0.895,0.29,28,47,0.488,0.824,0.375,22,36
0.467,0.8,0.188,23,47,0.422,0.958,0.294,21,42
0.477,0.889,0.314,28,42,0.443,0.931,0.32,25,40
0.477,0.632,0.2,29,39,0.455,0.786,0.306,20,47
0.447,0.586,0.346,23,53,0.422,0.757,0.4,23,54
0.5,0.76,0.385,31,40,0.598,0.8,0.468,41,38
0.4,0.698,0.207,15,54,0.402,0.652,0.325,20,57
0.5,0.765,0.306,27,40,0.447,0.905,0.438,19,48
0.527,0.706,0.452,25,37,0.459,0.667,0.333,21,47
0.323,0.867,0.389,19,50,0.56,0.529,0.45,29,45
0.417,0.781,0.226,19,49,0.477,0.75,0.333,26,36
0.424,0.75,0.242,18,46,0.495,0.786,0.324,30,47
0.512,0.765,0.355,25,32,0.526,0.886,0.2,19,33
0.398,0.769,0.303,27,38,0.455,1,0.297,26,55
0.5,0.783,0.343,24,50,0.5,0.818,0.289,26,44
0.51,0.947,0.425,25,50,0.465,0.692,0.383,25,48
0.523,0.769,0.423,34,48,0.414,0.667,0.326,26,42
0.441,0.722,0.226,23,41,0.474,0.846,0.378,25,45
0.314,0.68,0.136,11,37,0.429,0.788,0.265,20,55
0.452,0.95,0.281,24,36,0.482,0.929,0.367,12,47
0.519,0.815,0.37,31,50,0.326,0.818,0.25,19,36
0.447,0.667,0.353,24,38,0.488,0.895,0.257,26,51
0.5,1,0.5,21,41,0.471,0.85,0.37,26,41
0.489,0.818,0.317,26,41,0.561,0.759,0.514,33,38
0.538,0.667,0.5,35,38,0.5,0.889,0.281,25,40
0.38,0.88,0.179,17,53,0.38,0.826,0.351,24,52
0.475,0.833,0.364,30,52,0.466,0.667,0.324,24,45
0.5,0.714,0.41,26,36,0.53,0.8,0.5,35,53
0.478,0.846,0.382,33,51,0.355,0.826,0.308,23,47
0.462,0.652,0.364,27,47,0.452,0.682,0.289,28,48
0.488,0.794,0.4,29,38,0.448,0.769,0.333,22,48
0.538,0.786,0.452,26,50,0.443,0.682,0.302,22,33
0.413,0.795,0.302,21,67,0.277,0.737,0.25,11,42
0.443,0.8,0.37,19,43,0.434,0.792,0.387,22,45
0.548,0.533,0.346,28,47,0.473,0.696,0.308,19,43
0.548,0.707,0.313,39,41,0.511,0.739,0.425,29,41
0.488,0.722,0.344,23,40,0.511,0.826,0.429,19,47
0.482,0.763,0.472,25,37,0.506,0.9,0.444,24,45
0.54,0.793,0.469,31,48,0.538,0.727,0.452,33,27
0.523,0.813,0.405,33,36,0.518,0.862,0.323,28,42
0.524,0.667,0.382,23,45,0.454,0.704,0.192,27,40
0.424,0.895,0.2,20,47,0.449,0.765,0.442,27,48
0.459,0.652,0.306,24,58,0.394,0.615,0.25,17,45
0.54,0.791,0.303,32,47,0.475,0.69,0.424,30,49
0.375,0.727,0.324,17,43,0.472,0.633,0.448,19,57
0.476,0.741,0.389,22,39,0.489,0.667,0.36,24,45
0.462,0.793,0.381,29,50,0.459,0.8,0.297,28,51
0.486,0.842,0.464,20,38,0.341,0.826,0.171,13,41
0.5,0.667,0.412,25,55,0.43,0.688,0.314,25,41
0.565,0.828,0.405,36,42,0.471,0.833,0.421,24,41
0.494,0.857,0.439,25,47,0.5,0.474,0.441,22,41
0.447,0.667,0.5,28,52,0.39,0.643,0.25,24,55
0.547,0.906,0.424,23,30,0.537,0.875,0.357,30,41
0.541,0.889,0.483,37,41,0.418,0.824,0.361,18,39
0.398,0.647,0.324,22,54,0.379,0.952,0.297,24,55
0.5,0.727,0.385,25,40,0.489,0.667,0.323,20,50
0.515,0.765,0.306,29,52,0.348,0.654,0.268,15,52
0.43,0.857,0.257,19,39,0.538,0.783,0.468,35,41
0.453,0.806,0.394,27,41,0.458,0.682,0.278,25,44
0.447,0.815,0.5,28,33,0.465,0.7,0.448,23,49
0.524,0.857,0.45,26,33,0.591,0.857,0.538,30,32
0.517,0.8,0.432,33,51,0.424,0.769,0.325,24,44
0.47,0.773,0.387,24,30,0.519,0.821,0.333,27,35
0.434,0.75,0.269,12,41,0.452,0.75,0.297,25,42
0.529,0.75,0.459,29,32,0.543,0.769,0.5,26,37
0.495,0.5,0.375,28,40,0.459,0.844,0.313,26,49
0.548,0.867,0.63,32,46,0.488,0.773,0.343,26,36
0.468,0.667,0.323,21,37,0.506,0.727,0.447,32,45
0.454,0.8,0.313,22,52,0.436,0.8,0.324,23,54
0.52,0.848,0.472,24,43,0.429,0.688,0.286,20,40
0.5,0.667,0.412,27,34,0.549,0.708,0.357,32,49
0.451,0.889,0.389,22,52,0.454,0.833,0.477,28,48
0.591,0.833,0.379,30,50,0.393,0.68,0.229,20,38
0.444,0.882,0.261,25,47,0.506,0.714,0.552,24,50
0.5,0.839,0.389,32,46,0.385,0.76,0.355,22,35
0.5,0.808,0.5,29,42,0.478,0.826,0.296,23,43
0.47,0.947,0.314,27,47,0.434,0.792,0.226,15,37
0.456,0.87,0.304,27,48,0.5,0.737,0.4,21,37
0.396,0.647,0.333,21,45,0.438,0.941,0.419,24,55
0.528,0.826,0.4,27,42,0.456,0.864,0.289,26,40
0.451,0.8,0.412,22,37,0.5,0.63,0.286,24,45
0.527,0.853,0.405,29,38,0.547,0.789,0.429,30,31
0.469,0.773,0.324,29,39,0.486,0.72,0.417,22,39
0.384,0.792,0.343,23,45,0.515,0.591,0.474,35,47
0.494,0.769,0.387,28,39,0.488,0.667,0.241,23,38
0.539,0.579,0.423,24,55,0.414,0.737,0.281,30,38
0.44,0.865,0.4,25,62,0.387,0.625,0.359,22,40
0.465,0.704,0.314,28,38,0.563,0.767,0.323,30,46
0.447,0.629,0.333,21,47,0.487,0.886,0.303,28,43
0.512,0.813,0.464,24,36,0.468,0.65,0.425,23,41
0.522,0.85,0.515,25,49,0.429,0.85,0.279,25,40
0.506,0.676,0.419,25,46,0.455,0.722,0.35,30,54
0.38,0.611,0.405,26,37,0.442,0.714,0.324,18,59
0.429,0.6,0.282,27,44,0.5,0.8,0.382,16,45
0.374,0.692,0.167,22,42,0.512,0.774,0.324,28,55
0.417,0.9,0.206,15,38,0.511,0.64,0.433,29,51
0.448,0.864,0.259,18,41,0.477,0.905,0.385,31,37
0.578,0.818,0.419,27,45,0.4,0.737,0.313,25,42
0.386,0.833,0.32,22,49,0.432,0.833,0.478,19,42
0.566,0.711,0.429,25,32,0.556,0.789,0.452,33,46
0.419,0.767,0.45,17,41,0.44,0.808,0.304,23,61
0.526,0.658,0.421,24,43,0.478,0.758,0.382,24,40
0.463,0.793,0.372,29,45,0.427,0.758,0.3,24,45
0.553,0.667,0.375,34,52,0.44,0.565,0.261,18,36
0.485,0.591,0.378,31,51,0.495,0.75,0.355,23,54
0.506,0.759,0.361,20,54,0.468,0.45,0.298,22,41
0.546,0.792,0.421,36,39,0.543,0.791,0.31,35,50
0.4,0.722,0.35,19,45,0.47,0.743,0.344,22,44
0.419,0.84,0.231,23,41,0.512,0.833,0.487,30,42
0.439,0.75,0.3,23,37,0.437,0.805,0.276,21,53
0.541,0.818,0.421,22,44,0.477,1,0.436,22,30
0.419,0.762,0.258,18,47,0.494,0.684,0.385,25,47
0.407,0.893,0.324,23,49,0.442,0.676,0.343,20,43
0.415,0.75,0.241,25,38,0.541,0.741,0.405,28,48
0.488,0.815,0.296,16,43,0.423,0.667,0.286,20,45
0.462,0.68,0.381,26,42,0.388,0.725,0.29,25,59
0.473,0.909,0.194,22,42,0.535,0.905,0.382,32,43
0.392,0.828,0.257,16,31,0.511,0.844,0.366,36,46
0.5,0.833,0.31,25,34,0.558,0.85,0.429,30,39
0.4,0.7,0.238,27,58,0.402,0.652,0.292,31,56
0.404,0.708,0.368,19,42,0.554,0.813,0.5,26,38
0.5,0.667,0.429,22,48,0.537,0.72,0.475,18,38
0.442,0.786,0.318,20,44,0.5,0.852,0.353,21,46
0.554,0.846,0.514,34,50,0.462,0.737,0.351,29,35
0.429,0.923,0.317,23,45,0.5,0.786,0.545,23,47
0.542,0.655,0.2,30,40,0.429,0.813,0.459,25,44
0.435,0.889,0.372,22,44,0.439,0.609,0.324,21,51
0.5,0.95,0.414,25,47,0.512,0.909,0.4,24,36
0.435,0.81,0.367,20,39,0.506,0.75,0.406,23,43
0.39,0.724,0.238,23,42,0.455,0.789,0.32,21,48
0.39,0.684,0.344,25,50,0.439,0.818,0.294,29,57
0.512,0.806,0.292,27,42,0.433,0.857,0.295,23,49
0.517,0.667,0.294,26,37,0.473,0.81,0.389,27,48
0.477,0.636,0.278,24,44,0.468,0.842,0.333,17,41
0.538,0.889,0.424,25,35,0.511,0.833,0.39,30,39
0.417,0.815,0.259,19,48,0.447,0.636,0.439,27,38
0.288,0.846,0.25,17,40,0.561,0.818,0.556,28,51
0.558,0.733,0.345,28,47,0.505,0.421,0.415,32,41
0.394,0.628,0.236,29,58,0.412,0.757,0.242,31,62
0.5,0.85,0.154,20,34,0.5,0.63,0.294,29,49
0.489,0.7,0.32,30,52,0.412,0.667,0.286,26,46
0.471,0.778,0.31,21,45,0.376,0.815,0.348,19,44
0.512,0.933,0.346,25,49,0.344,0.778,0.257,12,43
0.417,0.818,0.3,28,56,0.5,0.667,0.382,28,46
0.523,0.857,0.417,25,53,0.478,0.714,0.3,28,33
0.427,0.75,0.317,18,43,0.455,0.737,0.419,30,58
0.584,0.875,0.457,36,47,0.305,0.774,0.235,8,44
0.477,0.913,0.4,25,52,0.44,0.87,0.282,24,42
0.551,0.864,0.45,34,53,0.422,0.679,0.324,23,33
0.565,0.533,0.441,25,43,0.453,0.769,0.39,23,38
0.424,0.815,0.289,21,54,0.366,1,0.316,18,48
0.441,0.773,0.289,28,54,0.512,0.893,0.529,23,38
0.476,0.85,0.375,29,51,0.383,0.853,0.308,19,41
0.402,0.788,0.311,28,53,0.49,0.606,0.333,31,57
0.466,0.714,0.342,26,32,0.566,0.862,0.429,27,42
0.494,0.85,0.344,22,46,0.505,0.842,0.378,26,34
0.481,0.81,0.455,24,40,0.468,0.867,0.333,21,34
0.489,0.647,0.353,22,35,0.464,0.857,0.378,28,50
0.5,0.793,0.345,20,52,0.452,0.682,0.3,16,41
0.449,0.826,0.28,20,57,0.386,0.733,0.306,22,43
0.412,0.632,0.385,16,44,0.524,0.545,0.318,23,42
0.444,0.735,0.316,24,50,0.466,0.667,0.407,25,48
0.524,0.7,0.441,40,52,0.425,0.667,0.366,25,44
0.471,0.611,0.343,32,45,0.557,0.652,0.429,36,51
0.472,0.688,0.474,25,38,0.531,0.833,0.375,20,32
0.387,0.808,0.269,19,55,0.389,0.917,0.171,21,52
0.456,0.867,0.326,28,49,0.556,0.857,0.563,37,41
0.396,0.733,0.27,24,54,0.433,0.722,0.25,23,52
0.632,0.769,0.452,32,43,0.5,0.813,0.325,32,32
0.449,0.875,0.317,22,50,0.44,0.75,0.371,23,40
0.436,0.857,0.2,27,40,0.478,0.69,0.5,32,60
0.506,0.889,0.355,29,41,0.464,0.857,0.345,19,42
0.424,0.875,0.268,19,39,0.481,0.857,0.313,25,43
0.524,0.6,0.421,25,41,0.546,0.818,0.385,25,37
0.487,0.852,0.333,19,41,0.481,0.72,0.391,24,31
0.567,0.69,0.3,35,43,0.455,0.68,0.263,18,39
0.462,0.882,0.333,27,38,0.433,0.727,0.389,24,51
0.476,0.75,0.429,18,51,0.384,0.727,0.242,24,46
0.43,0.696,0.302,26,43,0.561,0.684,0.485,27,40
0.414,0.857,0.298,28,45,0.511,1,0.371,22,45
0.461,0.706,0.333,26,52,0.359,0.765,0.372,17,35
0.472,0.813,0.313,26,41,0.554,0.462,0.459,29,38
0.516,0.889,0.4,32,51,0.449,0.833,0.348,28,34
0.461,0.944,0.313,24,44,0.453,0.917,0.231,27,48
0.578,0.75,0.515,36,43,0.398,0.848,0.323,22,43
0.384,0.385,0.278,22,40,0.549,0.75,0.35,32,52
0.515,0.8,0.346,26,55,0.449,0.75,0.355,25,40
0.525,0.9,0.25,27,43,0.372,0.645,0.31,19,47
0.506,0.783,0.5,24,47,0.379,0.682,0.167,20,45
0.541,0.774,0.41,31,52,0.446,0.833,0.349,25,41
0.518,0.6,0.313,28,41,0.542,0.6,0.417,31,42
0.352,0.769,0.289,21,50,0.489,0.75,0.5,34,50
0.494,0.885,0.36,29,38,0.481,0.706,0.5,34,49
0.411,0.875,0.225,28,38,0.488,0.655,0.429,21,51
0.45,0.913,0.226,25,33,0.566,0.81,0.563,29,37
0.478,0.903,0.385,18,40,0.544,0.895,0.375,31,44
0.411,0.765,0.306,21,50,0.5,0.765,0.349,30,40
0.419,0.852,0.25,19,49,0.379,0.686,0.242,18,56
0.481,0.885,0.269,21,38,0.536,0.81,0.5,29,38
0.462,0.81,0.472,27,51,0.421,0.684,0.375,28,47
0.521,0.762,0.313,37,55,0.414,0.727,0.39,24,36
0.405,0.679,0.344,25,50,0.373,0.882,0.258,17,47
0.358,0.952,0.192,17,40,0.455,0.929,0.283,29,55
0.432,0.846,0.444,25,48,0.389,0.938,0.2,21,50
0.476,0.688,0.356,28,33,0.532,0.722,0.414,29,33
0.417,0.938,0.391,26,44,0.545,0.815,0.5,28,50
0.433,0.69,0.354,27,38,0.505,0.727,0.333,33,62
0.384,0.625,0.278,23,50,0.418,0.944,0.344,27,49
0.353,0.789,0.208,14,42,0.404,0.5,0.258,26,64
0.471,0.607,0.265,29,57,0.398,0.722,0.289,24,56
0.482,0.571,0.311,25,38,0.533,0.727,0.46,36,44
0.518,0.682,0.375,30,47,0.483,0.625,0.3,23,41
0.413,0.917,0.326,27,52,0.4,0.8,0.4,26,51
0.327,0.75,0.385,18,56,0.451,0.76,0.321,23,55
0.495,1,0.444,25,37,0.544,0.783,0.231,30,43
0.568,0.889,0.63,29,45,0.462,0.905,0.31,27,40
0.573,0.8,0.464,33,44,0.434,0.793,0.333,15,35
0.565,0.857,0.447,33,50,0.414,0.727,0.353,25,42
0.449,0.941,0.463,22,31,0.56,0.913,0.32,27,38
0.459,0.826,0.294,22,40,0.514,0.739,0.333,23,36
0.396,0.7,0.182,18,53,0.379,0.714,0.357,24,52
0.375,0.711,0.242,21,43,0.506,0.889,0.4,27,42
0.44,0.786,0.326,27,45,0.506,0.893,0.441,29,42
0.425,0.895,0.389,30,58,0.478,0.917,0.414,30,51
0.524,0.727,0.5,25,41,0.523,0.778,0.281,30,39
0.56,0.75,0.476,27,40,0.525,0.826,0.355,29,25
0.517,0.545,0.433,29,43,0.466,0.68,0.379,19,44
0.449,0.696,0.438,25,46,0.442,0.923,0.314,29,52
0.451,0.769,0.407,23,41,0.456,0.789,0.409,25,52
0.512,0.882,0.389,31,42,0.425,0.778,0.3,18,46
0.432,0.769,0.333,23,48,0.431,0.696,0.41,30,51
0.476,0.697,0.35,25,37,0.513,0.556,0.333,23,48
0.469,0.8,0.326,28,39,0.477,0.84,0.459,25,50
0.488,0.773,0.241,21,37,0.532,0.75,0.393,24,39
0.441,0.889,0.333,23,48,0.488,0.786,0.32,22,40
0.423,0.667,0.367,25,53,0.357,0.526,0.333,23,55
0.488,0.786,0.25,21,35,0.438,0.893,0.286,24,46
0.5,0.889,0.316,26,44,0.439,0.7,0.343,22,40
0.481,0.69,0.462,20,43,0.487,0.88,0.267,26,38
0.511,0.793,0.367,25,49,0.495,0.818,0.359,33,36
0.495,0.76,0.422,35,52,0.427,0.893,0.318,27,46
0.554,0.706,0.485,33,34,0.448,1,0.435,30,46
0.553,0.839,0.355,26,37,0.494,0.714,0.4,25,33
0.429,0.857,0.29,26,37,0.388,0.857,0.2,26,51
0.526,0.667,0.483,31,50,0.469,0.846,0.341,25,41
0.49,0.867,0.355,30,49,0.461,0.679,0.2,18,48
0.524,0.667,0.381,24,44,0.391,0.7,0.386,25,38
0.5,0.793,0.371,25,47,0.43,0.5,0.289,24,36
0.457,0.875,0.375,28,46,0.427,0.706,0.5,21,43
0.429,0.69,0.372,25,37,0.538,0.826,0.425,23,41
0.407,0.941,0.293,22,50,0.42,0.75,0.184,18,41
0.583,0.656,0.323,31,45,0.54,0.522,0.429,29,38
0.327,0.667,0.235,24,44,0.524,0.842,0.393,23,60
0.556,0.944,0.406,36,44,0.518,0.75,0.462,23,36
0.462,0.84,0.385,26,48,0.463,0.64,0.382,25,41
0.512,0.813,0.324,26,40,0.481,0.778,0.421,22,40
0.474,0.727,0.333,23,32,0.602,0.7,0.535,39,41
0.551,0.833,0.419,35,40,0.469,0.714,0.375,23,38
0.495,0.667,0.344,31,46,0.45,0.875,0.351,27,43
0.439,0.739,0.25,22,40,0.531,0.636,0.341,31,43
0.531,0.636,0.471,31,46,0.44,0.696,0.273,25,47
0.514,0.731,0.4,24,36,0.439,0.85,0.343,24,43
0.409,0.7,0.32,26,61,0.439,0.778,0.356,24,53
0.46,0.833,0.419,24,60,0.417,0.714,0.345,27,37
0.408,0.889,0.311,24,55,0.398,0.81,0.393,21,52
0.494,0.962,0.48,28,47,0.368,0.784,0.345,23,41
0.518,0.714,0.306,25,50,0.418,0.719,0.375,19,44
0.461,0.7,0.387,19,43,0.349,0.926,0.194,15,52
0.389,0.909,0.147,23,43,0.5,0.88,0.364,29,43
0.471,0.963,0.441,28,51,0.446,0.719,0.257,22,37
0.481,0.774,0.244,25,38,0.568,0.8,0.436,20,34
0.561,0.75,0.391,27,42,0.435,0.857,0.37,20,37
0.453,0.588,0.326,22,43,0.432,0.621,0.333,25,60
0.526,0.833,0.432,35,44,0.523,0.846,0.267,22,37
0.512,0.757,0.513,36,49,0.489,0.815,0.359,20,38
0.461,0.871,0.326,27,47,0.464,0.571,0.35,21,45
0.5,0.588,0.371,30,41,0.409,1,0.207,19,42
0.537,0.714,0.583,31,47,0.442,0.778,0.227,22,41
0.471,0.824,0.452,27,41,0.463,0.889,0.281,22,41
0.478,0.824,0.294,33,41,0.581,0.788,0.533,37,36
0.452,0.773,0.257,29,39,0.444,0.889,0.517,20,49
0.533,0.765,0.333,29,48,0.419,0.737,0.3,23,42
0.5,0.909,0.432,30,38,0.422,0.647,0.341,24,44
0.489,0.769,0.414,26,38,0.472,0.926,0.417,27,48
0.548,0.75,0.269,32,45,0.481,0.607,0.387,24,34
0.457,0.789,0.243,30,39,0.511,0.731,0.304,24,44
0.43,0.739,0.4,20,39,0.488,0.667,0.389,14,44
0.512,0.609,0.368,27,38,0.545,0.769,0.444,35,45
0.464,0.935,0.323,26,44,0.482,0.692,0.409,26,39
0.423,0.786,0.333,25,36,0.429,0.871,0.344,25,56
0.524,0.793,0.471,27,42,0.488,0.719,0.323,25,37
0.463,0.8,0.333,25,52,0.415,0.871,0.379,28,48
0.495,0.857,0.444,32,67,0.305,0.733,0.182,15,45
0.42,0.682,0.259,20,54,0.472,1,0.316,23,33
0.411,0.68,0.265,21,45,0.574,1,0.375,38,49
0.533,0.833,0.395,31,58,0.352,1,0.25,17,39
0.394,0.85,0.39,26,50,0.439,0.742,0.326,21,49
0.432,0.6,0.361,29,51,0.417,0.524,0.316,21,45
0.466,0.935,0.2,23,45,0.437,0.72,0.413,26,41
0.413,0.75,0.356,26,44,0.461,0.737,0.385,31,51
0.475,0.533,0.361,28,51,0.494,0.682,0.452,16,38
0.429,0.842,0.444,26,52,0.43,0.667,0.341,20,40
0.355,0.813,0.235,20,44,0.444,0.81,0.487,26,57
0.494,0.9,0.455,31,39,0.456,0.8,0.275,20,38
0.525,0.783,0.462,31,35,0.434,0.75,0.238,10,44
0.398,0.643,0.333,28,43,0.529,0.462,0.563,31,47
0.391,0.704,0.111,23,54,0.455,0.75,0.385,25,45
0.472,0.682,0.333,30,43,0.478,0.87,0.438,22,47
0.486,0.742,0.3,22,42,0.374,0.684,0.167,20,50
0.522,0.839,0.438,24,37,0.505,0.933,0.395,27,48
0.518,0.739,0.343,29,34,0.56,0.842,0.379,28,34
0.434,0.9,0.31,19,40,0.383,0.826,0.314,17,51
0.495,0.88,0.5,19,43,0.526,0.625,0.405,29,48
0.461,0.514,0.222,22,54,0.388,0.563,0.293,16,41
0.49,0.857,0.28,34,51,0.44,0.704,0.345,19,44
0.455,0.7,0.347,34,62,0.378,0.8,0.273,20,52
0.444,0.759,0.275,23,35,0.494,0.826,0.433,23,45
0.418,0.714,0.357,23,44,0.46,0.733,0.344,21,49
0.559,0.833,0.424,26,36,0.482,0.917,0.375,30,33
0.451,0.87,0.297,25,42,0.474,0.7,0.485,20,42
0.506,0.8,0.333,29,45,0.467,0.824,0.367,20,40
0.386,0.714,0.194,20,53,0.365,0.875,0.184,21,49
0.389,0.833,0.276,24,49,0.48,1,0.36,24,53
0.473,0.826,0.406,34,37,0.524,0.625,0.44,19,48
0.456,0.853,0.323,22,44,0.437,0.75,0.406,22,40
0.481,0.773,0.333,25,41,0.427,0.85,0.286,25,39
0.377,0.667,0.237,21,48,0.5,0.682,0.393,27,35
0.435,0.8,0.297,19,50,0.453,0.92,0.222,25,40
0.447,0.828,0.214,28,53,0.432,0.706,0.429,23,48
0.477,0.813,0.345,23,40,0.528,0.85,0.32,23,36
0.523,0.879,0.395,34,39,0.433,0.724,0.37,21,45
0.433,0.769,0.304,27,38,0.488,0.733,0.41,27,47
0.463,0.72,0.343,24,43,0.407,0.75,0.304,19,43
0.547,0.722,0.455,25,37,0.519,0.682,0.333,27,38
0.474,0.955,0.351,29,56,0.415,0.68,0.225,26,47
0.487,0.95,0.273,23,45,0.385,0.8,0.25,17,44
0.49,0.643,0.375,32,50,0.388,0.8,0.258,20,46
0.472,0.85,0.263,26,49,0.427,0.706,0.489,24,44
0.49,0.84,0.342,32,44,0.536,0.75,0.385,35,47
0.524,0.705,0.444,22,35,0.505,0.867,0.417,27,41
0.444,0.722,0.324,23,40,0.489,0.8,0.367,28,48
0.463,0.727,0.316,21,44,0.432,0.763,0.317,21,38
0.41,0.741,0.333,26,54,0.353,0.708,0.265,18,50
0.475,0.9,0.313,22,47,0.414,0.611,0.3,23,41
0.4,0.524,0.353,22,53,0.419,0.647,0.359,23,39
0.483,0.75,0.3,25,49,0.407,0.84,0.269,19,42
0.519,0.905,0.344,26,40,0.494,0.722,0.4,27,35
0.511,0.75,0.4,29,48,0.435,0.867,0.419,24,43
0.549,0.861,0.5,32,37,0.515,0.87,0.394,30,41
0.442,0.938,0.417,25,46,0.443,0.833,0.421,21,42
0.378,0.6,0.25,21,50,0.411,0.944,0.206,20,55
0.458,0.864,0.375,20,49,0.411,0.706,0.361,24,45
0.398,0.786,0.324,28,47,0.434,0.792,0.314,20,42
0.446,0.727,0.3,21,47,0.516,0.7,0.281,29,45
0.442,0.609,0.297,15,45,0.373,0.875,0.261,21,44
0.463,0.676,0.36,25,32,0.586,0.733,0.407,30,51
0.451,0.75,0.316,26,37,0.539,0.833,0.4,22,47
0.495,0.65,0.372,30,47,0.39,0.759,0.31,20,47
0.442,0.875,0.256,32,39,0.524,0.759,0.385,26,51
0.338,0.914,0.308,19,41,0.44,0.55,0.343,25,50
0.433,0.87,0.324,20,43,0.459,0.686,0.333,19,39
0.5,0.706,0.364,23,31,0.506,0.769,0.419,24,44
0.548,0.941,0.444,30,44,0.46,0.667,0.29,27,35
0.384,0.767,0.257,24,43,0.506,0.762,0.406,24,43
0.434,0.909,0.37,17,51,0.46,0.72,0.257,28,37
0.489,0.895,0.346,27,50,0.506,0.8,0.414,31,32
0.41,0.815,0.297,19,54,0.38,0.75,0.316,24,54
0.516,0.941,0.575,35,51,0.439,0.737,0.333,21,41
0.41,0.842,0.353,16,47,0.481,0.688,0.269,16,37
0.412,0.81,0.286,28,44,0.517,0.733,0.333,32,43
0.469,0.826,0.296,22,43,0.322,0.769,0.289,18,46
0.386,0.722,0.302,20,42,0.455,0.913,0.393,24,51
0.447,0.84,0.341,26,40,0.474,0.778,0.355,20,44
0.425,0.667,0.263,26,36,0.564,0.765,0.452,39,47
0.532,0.933,0.467,30,37,0.481,0.867,0.421,26,34
0.457,0.769,0.441,22,47,0.484,0.583,0.4,24,46
0.382,0.769,0.226,19,41,0.516,0.625,0.25,30,52
0.5,0.708,0.351,33,53,0.436,0.813,0.302,25,50
0.512,0.667,0.439,29,54,0.347,0.708,0.333,20,49
0.457,0.686,0.25,22,56,0.427,0.786,0.313,23,46
0.443,0.813,0.359,23,57,0.383,0.85,0.294,19,46
0.418,0.909,0.219,16,50,0.516,0.889,0.444,32,38
0.627,0.75,0.5,35,40,0.453,0.607,0.325,28,34
0.465,0.65,0.194,27,37,0.513,0.84,0.474,23,37
0.466,0.643,0.4,18,33,0.517,0.875,0.294,29,42
0.524,0.762,0.323,26,42,0.414,0.813,0.314,31,49
0.378,0.696,0.289,20,37,0.478,0.929,0.356,28,54
0.467,0.8,0.444,24,54,0.41,0.684,0.216,16,39
0.434,0.778,0.37,27,43,0.549,0.688,0.444,23,48
0.4,0.636,0.34,11,32,0.531,0.824,0.367,28,50
0.469,0.806,0.367,22,35,0.563,0.821,0.531,35,41
0.551,0.842,0.367,28,45,0.429,0.667,0.34,25,45
0.54,0.739,0.333,29,42,0.48,0.867,0.282,23,41
0.404,0.6,0.216,15,47,0.473,0.818,0.344,25,39
0.543,0.789,0.529,33,61,0.337,0.778,0.171,17,41
0.44,0.778,0.412,30,49,0.427,0.862,0.361,25,45
0.553,0.757,0.485,33,38,0.488,0.742,0.462,27,32
0.405,0.75,0.294,23,31,0.4,0.85,0.121,24,56
0.396,0.875,0.295,23,48,0.44,0.75,0.302,25,48
0.516,0.917,0.514,30,39,0.512,0.773,0.333,23,40
0.398,0.821,0.286,17,53,0.383,0.882,0.297,22,47
0.488,0.75,0.406,23,49,0.411,0.667,0.276,19,43
0.39,0.667,0.31,18,39,0.457,0.833,0.286,23,47
0.465,0.731,0.395,23,47,0.462,0.8,0.375,23,42
0.429,0.727,0.467,20,43,0.494,0.867,0.294,29,48
0.48,0.864,0.286,26,55,0.43,0.778,0.406,33,44
0.478,0.857,0.364,24,47,0.449,0.842,0.269,19,39
0.4,0.938,0.321,18,42,0.409,0.792,0.379,23,54
0.424,0.95,0.412,18,46,0.453,0.84,0.364,20,35
0.474,0.607,0.326,31,45,0.509,0.762,0.357,37,56
0.432,0.833,0.237,29,41,0.416,0.75,0.361,28,53
0.5,1,0.444,28,48,0.433,0.769,0.333,23,39
0.402,0.8,0.238,24,54,0.427,0.611,0.292,21,42
0.42,0.8,0.425,26,48,0.388,0.714,0.226,20,46
0.464,0.789,0.424,26,41,0.547,0.688,0.367,33,47
0.406,0.833,0.313,16,49,0.44,0.742,0.316,26,56
0.444,0.588,0.333,29,49,0.389,0.923,0.324,21,53
0.437,0.688,0.303,23,49,0.337,0.87,0.304,25,44
0.55,0.719,0.483,30,38,0.476,0.947,0.429,20,39
0.474,0.882,0.414,26,45,0.367,0.4,0.355,13,40
0.38,0.897,0.412,24,35,0.5,0.867,0.5,33,49
0.517,0.778,0.348,28,49,0.413,0.75,0.3,22,39
0.457,0.95,0.222,23,49,0.458,0.81,0.356,21,45
0.45,0.8,0.293,26,48,0.481,0.722,0.447,23,40
0.527,0.905,0.455,34,41,0.511,0.962,0.292,28,41
0.425,0.69,0.279,17,40,0.544,0.536,0.447,34,55
0.404,0.783,0.341,26,45,0.556,0.72,0.415,39,45
0.553,0.625,0.353,32,41,0.435,0.833,0.379,21,47
0.495,0.895,0.415,37,47,0.448,0.704,0.361,29,54
0.402,0.579,0.457,22,51,0.488,0.655,0.436,22,43
0.444,0.667,0.5,23,42,0.475,0.923,0.378,22,38
0.49,0.632,0.313,31,61,0.343,0.769,0.227,23,39
0.422,0.793,0.235,20,46,0.425,0.833,0.212,22,43
0.411,0.8,0.323,22,63,0.36,0.84,0.214,20,49
0.593,0.69,0.571,39,49,0.467,0.55,0.333,26,36
0.444,0.7,0.308,22,47,0.506,0.75,0.429,26,42
0.44,0.808,0.256,18,41,0.471,0.781,0.346,15,48
0.444,0.889,0.321,19,41,0.477,1,0.385,20,48
0.5,0.929,0.333,26,33,0.57,0.897,0.238,28,38
0.379,0.808,0.3,22,46,0.407,0.688,0.179,20,46
0.447,0.692,0.436,22,45,0.472,0.68,0.444,24,44
0.4,0.7,0.273,23,55,0.367,0.833,0.257,21,52
0.477,0.933,0.306,27,42,0.467,0.833,0.341,22,44
0.423,0.778,0.395,18,36,0.451,0.759,0.463,29,50
0.422,0.75,0.407,15,47,0.453,0.733,0.267,20,48
0.435,0.762,0.294,28,49,0.467,0.773,0.333,21,45
0.469,0.724,0.409,30,52,0.432,0.684,0.257,27,50
0.488,0.714,0.214,17,51,0.421,0.656,0.237,22,35
0.404,0.875,0.303,28,48,0.541,0.7,0.548,32,42
0.495,0.65,0.344,24,44,0.518,0.778,0.412,31,45
0.521,0.941,0.425,33,54,0.416,0.727,0.341,25,42
0.46,0.903,0.421,26,51,0.481,0.538,0.368,28,45
0.451,0.808,0.29,28,33,0.471,0.571,0.286,24,61
0.43,0.739,0.355,17,49,0.424,0.889,0.37,24,44
0.424,0.773,0.239,21,47,0.484,0.643,0.419,31,47
0.402,0.636,0.261,21,47,0.482,0.824,0.487,22,43
0.449,0.905,0.378,23,28,0.463,0.724,0.24,21,47
0.489,0.846,0.368,39,43,0.411,0.895,0.405,24,49
0.528,0.857,0.439,29,41,0.545,0.875,0.341,31,39
0.5,0.882,0.344,22,31,0.527,0.889,0.356,34,40
0.477,0.833,0.382,21,44,0.449,0.821,0.333,22,30
0.453,0.893,0.361,25,46,0.421,0.815,0.333,17,45
0.466,0.714,0.231,26,48,0.446,0.786,0.413,24,39
0.513,0.815,0.382,31,39,0.438,1,0.273,26,49
0.459,0.571,0.257,27,34,0.505,1,0.415,36,53
0.412,0.667,0.333,20,41,0.447,0.714,0.359,28,48
0.48,0.793,0.317,20,28,0.446,0.75,0.237,21,56
0.533,0.833,0.479,27,48,0.411,0.633,0.314,28,50
0.406,0.788,0.257,18,63,0.412,0.714,0.3,30,48
0.529,0.808,0.222,26,43,0.488,0.84,0.5,17,44
0.433,0.84,0.333,26,57,0.488,0.71,0.389,23,40
0.435,0.875,0.381,20,36,0.535,0.815,0.313,33,46
0.435,0.786,0.318,19,45,0.535,0.667,0.531,39,40
0.542,0.885,0.37,28,51,0.41,0.938,0.314,20,37
0.418,0.759,0.258,23,55,0.407,0.867,0.444,22,42
0.418,0.833,0.345,25,33,0.519,0.864,0.409,30,47
0.441,0.824,0.333,21,46,0.465,0.839,0.424,21,43
0.571,0.583,0.32,27,46,0.443,0.905,0.421,23,44
0.417,0.758,0.314,19,54,0.487,0.895,0.441,27,37
0.48,0.625,0.385,28,58,0.433,0.625,0.343,24,47
0.414,0.714,0.419,21,49,0.37,0.545,0.195,12,48
0.474,0.854,0.379,18,49,0.43,0.636,0.341,23,41
0.553,0.867,0.463,27,47,0.353,0.815,0.286,19,54
0.457,0.778,0.259,21,52,0.42,0.65,0.406,22,43
0.483,0.778,0.361,26,33,0.495,0.917,0.394,24,50
0.5,0.647,0.31,27,47,0.422,0.652,0.286,20,44
0.37,0.765,0.343,19,43,0.383,0.889,0.258,19,48
0.419,0.655,0.378,25,45,0.518,0.594,0.346,27,48
0.347,0.727,0.095,19,50,0.407,0.824,0.393,17,49
0.619,0.773,0.455,38,41,0.478,0.692,0.423,26,37
0.412,0.828,0.333,18,43,0.453,0.75,0.366,24,39
0.461,0.75,0.353,22,56,0.396,0.875,0.2,19,45
0.42,0.708,0.35,23,45,0.529,0.625,0.276,22,46
0.48,0.867,0.385,21,38,0.469,0.692,0.375,23,36
0.458,0.846,0.308,24,37,0.553,0.727,0.459,31,40
0.446,0.913,0.471,26,42,0.494,0.786,0.405,27,47
0.437,0.818,0.366,24,43,0.442,0.842,0.467,23,42
0.53,0.76,0.457,24,30,0.522,0.759,0.412,27,48
0.4,0.65,0.184,22,45,0.411,0.375,0.4,20,54
0.45,0.769,0.444,24,44,0.42,0.842,0.341,27,42
0.417,0.516,0.313,20,43,0.41,0.65,0.242,24,44
0.421,0.741,0.436,25,57,0.389,0.833,0.333,16,45
0.534,0.786,0.439,33,39,0.414,0.667,0.326,20,44
0.449,0.885,0.441,22,45,0.543,0.714,0.486,29,44
0.444,0.737,0.412,30,53,0.371,0.75,0.34,23,53
0.45,0.444,0.333,26,44,0.453,0.767,0.29,19,55
0.456,0.87,0.355,25,35,0.511,0.765,0.379,22,50
0.427,0.833,0.3,19,33,0.571,0.727,0.364,38,41
0.381,0.741,0.378,25,45,0.568,0.688,0.382,31,47
0.404,0.611,0.294,28,51,0.431,0.647,0.313,17,43
0.528,0.833,0.423,39,52,0.416,0.696,0.25,24,43
0.389,0.643,0.242,22,43,0.5,0.864,0.387,25,50
0.42,0.889,0.345,22,38,0.47,0.8,0.3,33,53
0.477,0.71,0.361,24,47,0.415,0.857,0.244,26,49
0.56,0.784,0.481,39,52,0.388,0.735,0.25,16,42
0.566,0.727,0.478,17,40,0.436,0.714,0.267,23,45
0.465,0.667,0.308,26,46,0.411,0.909,0.366,29,48
0.447,0.417,0.4,28,50,0.379,0.571,0.342,23,46
0.473,0.704,0.364,24,48,0.427,0.833,0.378,24,44
0.482,1,0.367,20,37,0.494,0.857,0.378,28,42
0.417,0.893,0.286,29,47,0.483,0.815,0.438,31,41
0.444,0.757,0.333,24,49,0.427,0.857,0.333,19,43
0.523,0.684,0.342,27,47,0.438,0.808,0.405,16,28
0.432,0.905,0.281,19,44,0.43,0.885,0.433,21,46
0.413,0.923,0.222,20,38,0.451,0.895,0.292,20,46
0.489,0.895,0.375,23,43,0.45,0.88,0.45,23,43
0.452,0.87,0.31,17,44,0.56,0.75,0.432,30,38
0.407,0.765,0.267,25,43,0.451,0.818,0.278,26,47
0.417,0.765,0.35,23,54,0.415,0.875,0.34,28,50
0.484,0.615,0.385,26,52,0.385,0.762,0.268,17,44
0.533,0.727,0.41,31,45,0.446,0.75,0.378,29,44
0.488,0.778,0.475,30,39,0.422,0.833,0.308,18,42
0.468,0.567,0.185,21,48,0.484,0.848,0.462,33,50
0.4,0.759,0.387,21,49,0.447,0.739,0.297,27,40
0.467,0.778,0.367,24,48,0.391,0.833,0.237,17,53
0.437,0.905,0.37,25,48,0.419,0.677,0.289,23,52
0.447,0.842,0.235,22,60,0.393,0.577,0.295,21,39
0.4,0.75,0.316,24,40,0.512,0.875,0.292,26,43
0.495,0.818,0.449,30,53,0.356,0.821,0.355,22,42
0.444,0.737,0.333,22,52,0.362,0.789,0.242,22,48
0.525,0.833,0.364,27,44,0.449,0.737,0.382,18,31
0.488,0.826,0.324,30,44,0.456,0.85,0.325,26,39
0.391,0.652,0.2,14,47,0.441,0.933,0.293,29,53
0.463,0.8,0.259,16,42,0.5,0.839,0.4,20,34
0.534,0.958,0.457,33,34,0.564,0.75,0.364,27,35
0.386,0.769,0.344,24,51,0.429,0.679,0.289,24,47
0.354,0.757,0.302,21,68,0.386,1,0.349,27,51
0.523,0.667,0.405,28,42,0.446,0.688,0.406,23,37
0.391,0.75,0.281,18,43,0.439,0.667,0.324,37,66
0.467,0.733,0.25,24,47,0.378,0.636,0.302,23,39
0.385,0.84,0.265,22,33,0.473,0.857,0.344,17,51
0.505,0.833,0.56,23,40,0.495,0.923,0.48,24,44
0.43,0.806,0.333,20,43,0.512,0.636,0.353,25,46
0.468,0.774,0.441,26,37,0.439,0.955,0.293,27,41
0.568,0.692,0.488,35,57,0.36,0.857,0.222,26,43
0.462,0.688,0.278,29,42,0.495,0.588,0.368,27,47
0.472,0.765,0.378,23,45,0.438,0.8,0.361,18,42
0.382,0.75,0.196,24,51,0.415,0.923,0.323,20,50
0.5,0.652,0.368,26,41,0.468,0.714,0.306,26,47
0.467,0.6,0.387,23,55,0.446,0.684,0.41,26,39
0.393,0.727,0.316,18,44,0.5,0.929,0.356,36,46
0.432,0.633,0.318,17,46,0.447,0.8,0.29,27,47
0.483,0.8,0.344,23,36,0.5,0.737,0.543,25,46
0.466,0.765,0.292,22,37,0.581,0.889,0.447,35,38
0.439,0.69,0.366,20,45,0.433,0.81,0.348,27,45
0.472,0.633,0.351,34,57,0.433,0.8,0.298,16,44
0.495,0.808,0.351,26,50,0.5,0.722,0.366,27,43
0.418,0.667,0.273,23,61,0.385,0.69,0.279,26,36
0.518,0.889,0.447,27,41,0.478,0.833,0.351,29,38
0.409,0.769,0.371,21,45,0.464,0.778,0.542,25,50
0.495,0.893,0.219,26,41,0.494,0.867,0.28,20,37
0.494,0.938,0.478,21,48,0.438,0.85,0.294,19,38
0.5,0.8,0.344,29,29,0.47,0.84,0.472,25,40
0.532,0.962,0.31,25,47,0.488,0.632,0.286,22,32
0.563,0.667,0.45,26,44,0.385,0.686,0.172,20,41
0.389,0.905,0.286,25,46,0.494,1,0.355,25,40
0.443,0.824,0.324,26,35,0.449,0.765,0.409,25,44
0.398,0.824,0.273,22,51,0.433,0.778,0.385,24,46
0.489,0.8,0.483,25,38,0.47,0.909,0.289,24,45
0.419,1,0.371,22,42,0.488,0.667,0.393,23,49
0.433,1,0.324,27,38,0.593,0.688,0.529,34,48
0.452,0.739,0.359,33,42,0.511,0.688,0.479,24,39
0.528,0.75,0.405,26,44,0.471,0.65,0.333,24,42
0.378,0.929,0.395,18,38,0.476,0.8,0.344,22,53
0.549,0.724,0.308,25,39,0.472,0.762,0.208,20,39
0.485,0.739,0.359,28,60,0.457,0.789,0.346,26,41
0.361,0.909,0.381,18,35,0.455,0.741,0.375,28,49
0.417,0.636,0.317,23,48,0.473,0.8,0.355,30,49
0.444,0.944,0.444,24,42,0.447,0.556,0.325,26,39
0.402,0.742,0.233,16,42,0.5,0.714,0.267,21,47
0.541,0.7,0.355,28,46,0.404,0.667,0.324,21,53
0.494,0.871,0.385,20,40,0.479,0.778,0.413,27,45
0.5,0.846,0.426,31,40,0.444,0.8,0.306,22,45
0.528,0.783,0.412,29,50,0.446,0.684,0.182,22,38
0.518,0.882,0.463,28,50,0.395,0.625,0.351,22,38
0.468,0.879,0.313,26,49,0.456,0.619,0.353,25,41
0.551,0.696,0.429,24,45,0.375,0.842,0.241,22,41
0.427,0.769,0.347,27,37,0.477,0.824,0.341,27,46
0.424,0.667,0.378,24,40,0.471,0.92,0.393,28,43
0.375,0.688,0.351,19,39,0.422,0.783,0.273,25,54
0.495,0.75,0.28,31,55,0.426,0.6,0.276,24,42
0.457,0.679,0.375,25,45,0.447,0.813,0.389,23,42
0.488,0.647,0.464,24,44,0.375,0.789,0.342,17,47
0.457,0.667,0.5,27,45,0.438,0.917,0.364,21,45
0.461,0.571,0.32,17,39,0.516,0.824,0.333,28,49
0.466,0.821,0.387,27,47,0.441,0.636,0.25,19,48
0.495,0.778,0.442,37,50,0.373,0.65,0.425,22,34
0.5,0.611,0.379,22,38,0.494,0.655,0.333,25,40
0.461,0.885,0.333,19,44,0.4,0.722,0.25,21,42
0.461,0.69,0.37,28,45,0.505,0.929,0.465,33,41
0.552,0.7,0.4,29,39,0.475,0.765,0.341,22,48
0.471,0.917,0.361,28,44,0.464,0.917,0.138,18,37
0.394,0.833,0.324,21,49,0.495,0.938,0.261,26,41
0.345,0.783,0.343,21,48,0.358,0.833,0.265,18,55
0.472,0.55,0.413,30,40,0.506,0.75,0.385,19,48
0.391,0.821,0.282,24,40,0.541,0.818,0.394,34,47
0.432,0.875,0.351,29,60,0.389,0.917,0.324,22,38
0.396,0.643,0.227,21,51,0.471,0.75,0.452,23,47
0.448,1,0.368,25,53,0.376,0.667,0.154,13,46
0.432,0.933,0.182,17,34,0.473,0.708,0.375,22,52
0.436,0.667,0.333,28,47,0.462,0.647,0.4,26,45
0.523,0.727,0.429,32,54,0.447,0.923,0.385,29,33
0.488,0.857,0.345,22,35,0.48,0.833,0.382,23,36
0.55,0.875,0.464,28,42,0.417,0.714,0.269,21,37
0.468,0.829,0.542,22,37,0.477,0.821,0.375,27,45
0.535,0.8,0.37,27,42,0.419,0.913,0.3,17,36
0.519,0.917,0.468,32,42,0.424,0.741,0.308,18,41
0.452,0.667,0.366,27,46,0.452,0.85,0.425,28,40
0.494,0.69,0.341,23,38,0.393,0.839,0.242,18,44
0.4,0.6,0.29,23,40,0.481,0.783,0.364,24,47
0.4,0.647,0.362,19,37,0.568,0.733,0.463,26,48
0.522,0.75,0.367,32,46,0.511,0.778,0.281,28,33
0.398,0.774,0.304,22,47,0.413,0.714,0.267,24,42
0.546,0.84,0.441,24,43,0.495,0.783,0.471,29,43
0.471,0.909,0.438,20,38,0.477,0.905,0.313,26,47
0.4,0.818,0.196,21,39,0.506,0.769,0.308,28,50
0.446,0.75,0.387,30,43,0.473,0.895,0.474,22,52
0.516,0.765,0.296,25,51,0.439,0.69,0.303,27,34
0.449,0.706,0.348,31,42,0.529,0.741,0.417,28,49
0.414,0.833,0.39,21,52,0.5,0.767,0.36,22,40
0.524,0.955,0.391,25,40,0.531,0.81,0.467,25,30
0.461,0.824,0.273,26,36,0.427,0.762,0.394,26,47
0.451,0.7,0.371,25,55,0.396,0.667,0.344,30,50
0.465,0.792,0.406,21,53,0.389,0.95,0.326,27,39
0.398,0.789,0.425,22,50,0.444,0.842,0.51,31,49
0.457,0.667,0.345,27,49,0.43,0.684,0.379,31,41
0.494,0.69,0.5,28,43,0.434,0.818,0.289,18,38
0.443,0.75,0.227,16,45,0.446,0.643,0.306,18,37
0.462,0.769,0.368,20,45,0.444,0.9,0.417,24,46
0.516,0.778,0.459,29,45,0.535,0.75,0.459,21,39
0.447,0.75,0.348,22,47,0.411,0.759,0.32,20,43
0.494,0.793,0.425,24,40,0.426,0.72,0.263,19,50
0.398,0.81,0.3,23,40,0.524,1,0.465,30,42
0.414,0.778,0.32,28,55,0.477,0.704,0.323,22,47
0.449,0.9,0.36,32,57,0.405,0.708,0.395,29,39
0.337,0.684,0.349,19,42,0.487,0.583,0.346,20,52
0.444,0.667,0.333,26,45,0.477,0.842,0.343,24,45
0.472,0.781,0.276,22,32,0.563,0.897,0.568,26,46
0.419,0.8,0.353,19,51,0.382,0.667,0.382,23,47
0.438,0.758,0.25,20,39,0.531,0.846,0.471,24,38
0.463,0.789,0.323,21,33,0.472,0.76,0.433,30,54
0.408,0.8,0.357,20,47,0.469,0.765,0.409,22,40
0.474,0.78,0.261,26,41,0.387,0.833,0.31,22,44
0.478,0.867,0.362,33,35,0.488,0.905,0.351,24,45
0.405,0.654,0.294,17,42,0.411,0.75,0.4,30,55
0.556,0.87,0.529,26,44,0.516,1,0.359,23,30
0.489,0.75,0.487,30,51,0.383,0.743,0.364,23,38
0.5,0.619,0.364,28,43,0.506,0.875,0.457,28,34
0.512,0.815,0.346,19,39,0.494,0.952,0.379,24,39
0.42,0.643,0.35,23,47,0.376,0.72,0.355,16,47
0.625,0.722,0.528,41,53,0.329,0.818,0.289,14,26
0.544,0.696,0.571,23,44,0.45,0.769,0.407,20,36
0.354,0.765,0.353,19,41,0.484,0.75,0.389,32,48
0.489,0.813,0.303,23,40,0.512,0.833,0.485,24,41
0.543,0.737,0.222,26,39,0.488,0.714,0.294,22,35
0.495,0.714,0.313,34,52,0.42,0.846,0.297,15,39
0.418,0.733,0.393,18,46,0.371,0.765,0.258,20,46
0.376,0.692,0.324,21,28,0.544,0.913,0.516,27,46
0.489,0.808,0.389,29,45,0.494,0.857,0.412,30,36
0.449,0.875,0.351,22,32,0.687,0.778,0.529,32,34
0.471,0.759,0.25,16,35,0.506,0.864,0.405,25,40
0.47,0.75,0.29,35,49,0.523,0.85,0.395,28,38
0.482,0.88,0.286,27,38,0.484,0.917,0.344,27,42
0.396,0.75,0.256,14,44,0.387,0.842,0.294,18,54
0.494,0.545,0.4,28,35,0.419,0.714,0.35,25,51
0.427,0.778,0.333,24,43,0.382,0.833,0.257,17,45
0.443,0.727,0.207,22,40,0.5,0.7,0.393,21,47
0.402,0.722,0.303,24,55,0.411,0.778,0.242,20,55
0.473,0.667,0.341,32,39,0.581,0.762,0.514,32,35
0.596,0.684,0.467,35,41,0.477,0.81,0.462,23,34
0.417,0.636,0.326,31,60,0.356,0.769,0.163,16,45
0.439,0.731,0.257,25,47,0.396,0.81,0.243,27,47
0.438,0.4,0.308,20,33,0.563,0.778,0.526,29,48
0.533,0.625,0.444,28,51,0.446,0.615,0.29,26,40
0.528,0.696,0.413,30,43,0.462,0.706,0.355,19,42
0.514,0.762,0.389,17,35,0.511,0.813,0.4,30,47
0.4,0.68,0.321,18,47,0.442,0.545,0.425,25,43
0.413,0.75,0.267,21,45,0.511,0.818,0.229,27,52
0.376,0.875,0.31,19,44,0.415,0.935,0.353,24,53
0.481,0.75,0.333,30,68,0.34,0.703,0.214,17,49
0.5,0.6,0.281,32,42,0.427,0.895,0.394,29,53
0.419,0.769,0.353,27,44,0.5,0.688,0.389,22,54
0.355,0.75,0.243,18,52,0.439,0.727,0.379,20,50
0.5,0.762,0.304,25,47,0.446,0.857,0.342,17,41
0.456,0.75,0.359,28,51,0.398,0.609,0.25,21,43
0.469,0.81,0.282,22,47,0.43,0.864,0.35,23,36
0.537,0.677,0.469,36,41,0.466,0.9,0.4,31,39
0.472,0.727,0.368,23,35,0.577,0.808,0.375,28,43
0.563,0.773,0.571,24,41,0.43,0.81,0.229,27,45
0.429,0.947,0.289,26,54,0.367,0.846,0.242,17,52
0.557,0.8,0.575,32,44,0.45,0.737,0.314,24,45
0.37,0.773,0.308,13,51,0.557,0.81,0.464,28,35
0.375,0.7,0.219,18,36,0.558,0.625,0.5,32,47
0.485,0.818,0.282,31,53,0.416,0.727,0.233,17,41
0.407,0.737,0.316,27,36,0.584,0.714,0.481,33,49
0.404,0.857,0.333,23,41,0.481,1,0.345,17,43
0.437,0.737,0.25,21,53,0.37,0.667,0.294,20,51
0.435,0.857,0.362,24,31,0.63,0.6,0.485,24,44
0.45,0.667,0.394,17,43,0.427,0.846,0.407,27,39
0.54,0.75,0.324,31,48,0.419,0.783,0.342,23,37
0.5,0.714,0.341,32,51,0.45,0.655,0.311,32,56
0.443,0.68,0.308,22,44,0.523,0.786,0.364,26,47
0.404,0.792,0.283,25,52,0.442,0.862,0.405,20,52
0.409,0.8,0.357,23,51,0.419,0.762,0.3,26,49
0.374,0.893,0.229,25,45,0.506,0.767,0.4,29,50
0.5,0.773,0.472,27,46,0.458,0.833,0.429,26,40
0.512,0.769,0.31,25,40,0.528,0.857,0.467,25,34
0.483,0.882,0.417,23,56,0.358,0.737,0.244,16,44
0.409,0.905,0.327,24,52,0.446,0.69,0.357,25,40
0.458,0.844,0.414,33,52,0.429,0.639,0.226,23,45
0.451,0.682,0.417,21,43,0.453,0.85,0.319,19,43
0.43,0.8,0.364,27,44,0.511,0.917,0.462,26,44
0.525,0.708,0.395,32,41,0.425,0.909,0.286,17,41
0.523,0.676,0.364,21,43,0.468,0.84,0.316,27,43
0.417,0.857,0.263,22,35,0.461,0.724,0.31,22,51
0.451,0.81,0.441,23,52,0.374,0.7,0.306,23,50
0.511,0.7,0.385,25,43,0.487,0.818,0.455,26,37
0.412,0.828,0.313,17,47,0.438,0.815,0.308,22,42
0.387,0.897,0.318,24,53,0.474,0.889,0.314,32,42
0.383,0.815,0.243,23,65,0.44,0.583,0.484,21,36
0.483,0.938,0.412,25,44,0.402,0.929,0.263,24,50
0.424,0.947,0.343,19,58,0.373,0.708,0.262,19,42
0.365,0.6,0.214,13,38,0.444,0.889,0.419,27,59
0.468,0.708,0.4,28,55,0.366,0.722,0.268,16,47
0.42,0.889,0.188,24,48,0.4,0.714,0.227,21,49
0.527,0.5,0.25,23,44,0.511,0.813,0.444,25,44
0.471,0.76,0.395,26,46,0.442,0.815,0.371,24,50
0.413,0.724,0.226,17,49,0.424,0.778,0.281,19,45
0.48,0.722,0.414,18,42,0.41,0.944,0.2,21,39
0.443,0.762,0.35,27,39,0.489,0.778,0.323,29,51
0.42,0.889,0.379,21,44,0.417,0.839,0.259,16,44
0.529,0.885,0.306,34,51,0.367,0.714,0.289,20,42
0.494,0.792,0.489,31,47,0.394,0.55,0.405,25,47
0.423,0.846,0.439,25,37,0.452,0.591,0.256,21,48
0.462,0.722,0.368,28,46,0.398,0.947,0.333,17,52
0.486,0.87,0.367,22,35,0.469,0.85,0.259,21,37
0.524,0.81,0.353,24,46,0.422,0.6,0.25,26,51
0.466,0.857,0.436,28,48,0.406,0.563,0.429,23,54
0.451,0.649,0.475,25,60,0.398,0.786,0.373,26,39
0.538,0.714,0.488,28,50,0.349,0.8,0.281,21,33
0.5,1,0.441,23,38,0.506,0.905,0.357,24,32
0.451,0.619,0.323,20,35,0.505,0.824,0.436,20,52
0.543,0.75,0.387,28,45,0.466,0.781,0.306,19,38
0.4,0.8,0.333,21,35,0.475,0.81,0.4,22,48
0.5,0.816,0.367,22,51,0.464,0.75,0.4,20,33
0.451,0.92,0.303,19,43,0.449,0.76,0.368,26,45
0.373,0.846,0.293,21,53,0.352,0.619,0.25,17,53
0.437,0.625,0.433,19,55,0.378,0.8,0.243,22,43
0.476,0.8,0.378,24,38,0.441,1,0.258,19,50
0.518,0.714,0.483,28,53,0.411,0.783,0.3,25,40
0.381,0.64,0.243,15,40,0.452,0.833,0.387,20,53
0.425,0.563,0.308,22,42,0.494,0.875,0.349,36,34
0.5,0.833,0.385,27,41,0.494,0.6,0.417,25,37
0.542,0.833,0.423,28,47,0.467,1,0.41,24,34
0.477,0.8,0.429,30,47,0.417,0.737,0.188,26,42
0.36,0.813,0.333,22,46,0.506,0.5,0.379,22,45
0.55,0.923,0.413,34,46,0.415,0.882,0.263,24,35
0.438,0.5,0.313,30,59,0.367,0.813,0.19,23,48
0.425,0.75,0.286,16,42,0.418,0.737,0.243,14,43
0.506,0.833,0.351,28,40,0.44,0.824,0.268,24,42
0.458,0.84,0.375,29,47,0.393,0.857,0.25,20,50
0.483,0.824,0.375,29,39,0.44,0.786,0.286,18,38
0.42,0.667,0.327,25,45,0.406,0.833,0.289,20,51
0.46,0.708,0.324,22,52,0.417,0.833,0.279,24,48
0.5,0.833,0.278,20,35,0.366,0.76,0.263,19,47
0.446,0.563,0.256,18,56,0.356,0.684,0.286,16,46
0.441,0.714,0.333,27,49,0.413,1,0.5,28,50
0.44,0.964,0.355,26,44,0.47,0.8,0.448,23,36
0.386,0.778,0.278,21,38,0.519,0.786,0.325,25,53
0.517,0.632,0.421,27,56,0.367,0.765,0.207,19,42
0.435,0.909,0.316,16,52,0.432,0.714,0.227,26,41
0.386,0.75,0.4,18,42,0.462,0.8,0.345,23,46
0.406,0.941,0.277,23,47,0.531,0.818,0.485,32,47
0.464,0.68,0.357,23,42,0.405,0.853,0.524,20,45
0.553,0.656,0.467,32,46,0.453,0.643,0.372,30,41
0.43,0.7,0.324,22,46,0.372,0.75,0.216,16,44
0.5,0.7,0.389,30,44,0.476,0.706,0.281,20,46
0.542,0.8,0.39,33,49,0.379,0.731,0.289,24,46
0.365,0.778,0.295,18,54,0.376,0.778,0.226,21,52
0.41,0.7,0.366,26,42,0.451,0.846,0.45,22,45
0.561,0.714,0.444,25,39,0.461,0.889,0.455,20,39
0.456,0.806,0.188,19,43,0.551,0.727,0.441,31,36
0.518,0.765,0.484,28,46,0.444,0.667,0.444,28,43
0.485,0.846,0.429,21,51,0.452,0.625,0.341,24,30
0.477,0.667,0.389,23,39,0.422,0.68,0.231,31,49
0.412,0.667,0.219,19,48,0.433,0.85,0.35,19,52
0.4,0.909,0.311,20,44,0.5,0.952,0.419,31,44
0.522,0.786,0.475,29,49,0.438,0.923,0.333,22,36
0.358,1,0.324,16,44,0.442,0.929,0.379,19,45
0.412,0.72,0.321,23,38,0.494,0.875,0.394,23,48
0.573,0.667,0.5,33,37,0.427,0.862,0.522,16,46
0.337,0.85,0.325,21,44,0.5,0.8,0.343,29,48
0.481,0.88,0.483,29,37,0.432,0.81,0.333,21,39
0.506,0.645,0.382,21,39,0.544,0.867,0.429,34,34
0.383,0.864,0.263,17,39,0.423,0.944,0.261,20,47
0.535,0.778,0.4,35,57,0.392,0.688,0.306,25,41
0.433,0.667,0.278,25,49,0.387,0.611,0.371,17,51
0.49,0.889,0.293,22,53,0.449,0.818,0.34,23,39
0.476,0.667,0.341,27,40,0.367,0.846,0.3,18,43
0.4,0.63,0.219,13,49,0.391,0.806,0.306,21,52
0.378,0.565,0.212,19,59,0.489,1,0.486,28,46
0.489,0.813,0.406,26,43,0.5,0.741,0.529,27,34
0.424,0.733,0.333,13,52,0.4,0.765,0.341,20,49
0.488,0.7,0.433,30,41,0.46,0.684,0.4,30,48
0.444,0.75,0.286,26,49,0.409,0.714,0.179,20,50
0.484,0.875,0.326,27,47,0.436,0.773,0.296,18,38
0.354,0.8,0.22,17,44,0.457,0.75,0.324,24,54
0.455,0.947,0.324,29,39,0.438,1,0.424,25,47
0.47,0.565,0.281,22,37,0.448,0.737,0.355,19,53
0.473,0.882,0.297,20,42,0.443,0.824,0.22,18,50
0.461,0.714,0.29,21,40,0.417,1,0.357,25,49
0.38,0.667,0.121,19,49,0.505,0.882,0.432,29,49
0.447,0.667,0.345,21,44,0.429,0.842,0.24,20,41
0.434,0.706,0.432,19,38,0.444,0.667,0.52,29,50
0.427,0.647,0.353,17,42,0.433,0.667,0.333,23,49
0.506,0.857,0.484,26,46,0.458,0.792,0.364,23,43
0.421,0.6,0.237,27,57,0.456,0.875,0.417,32,49
0.351,0.719,0.257,24,50,0.425,0.8,0.294,23,56
0.429,0.85,0.4,19,39,0.476,0.636,0.355,22,48
0.521,0.833,0.393,27,39,0.484,0.875,0.233,24,46
0.471,0.8,0.275,23,53,0.411,0.75,0.386,30,40
0.5,0.625,0.474,26,50,0.417,0.771,0.27,26,47
0.408,0.917,0.326,21,46,0.463,0.714,0.385,21,52
0.506,0.813,0.395,21,44,0.435,0.6,0.514,22,32
0.518,0.684,0.533,25,43,0.473,0.75,0.378,29,43
0.385,0.813,0.325,20,47,0.44,0.769,0.325,25,55
0.469,0.85,0.29,21,56,0.395,0.842,0.333,19,42
0.5,0.846,0.393,28,51,0.423,0.826,0.378,23,45
0.506,0.615,0.4,27,46,0.425,0.818,0.265,27,39
0.462,0.708,0.293,28,49,0.397,0.84,0.361,22,37
0.478,0.955,0.409,31,39,0.463,0.769,0.395,21,35
0.451,0.769,0.417,18,46,0.473,0.818,0.4,28,38
0.484,0.714,0.406,30,51,0.434,0.821,0.333,23,55
0.471,0.778,0.233,23,35,0.513,0.85,0.447,29,48
0.459,0.917,0.29,21,32,0.544,0.818,0.543,31,48
0.494,0.818,0.375,24,39,0.382,0.828,0.19,21,50
0.506,0.615,0.407,24,42,0.394,0.556,0.278,17,49
0.369,0.864,0.294,20,33,0.446,0.778,0.24,13,54
0.372,0.85,0.286,21,57,0.41,0.667,0.2,29,46
0.518,0.85,0.326,31,41,0.456,0.676,0.303,17,42
0.477,0.952,0.375,24,50,0.406,0.778,0.303,20,44
0.404,0.824,0.225,19,45,0.467,0.667,0.286,19,47
0.603,0.765,0.524,30,36,0.518,0.737,0.333,26,31
0.402,0.8,0.241,20,46,0.531,0.789,0.5,22,41
0.526,0.857,0.333,19,40,0.488,0.688,0.29,20,36
0.511,0.81,0.326,26,42,0.433,0.87,0.394,18,50
0.379,0.75,0.273,22,52,0.344,0.792,0.281,20,59
0.379,0.722,0.324,17,44,0.45,0.929,0.407,25,45
0.393,0.7,0.293,23,43,0.444,0.889,0.316,23,48
0.583,0.538,0.4,34,53,0.354,0.765,0.194,19,39
0.424,0.556,0.444,20,45,0.458,0.842,0.333,22,39
0.402,0.762,0.372,19,37,0.427,0.808,0.25,16,59
0.348,0.714,0.327,17,42,0.409,0.813,0.214,18,62
0.516,0.857,0.4,36,49,0.352,0.75,0.25,23,42
0.488,0.867,0.436,27,42,0.489,0.6,0.333,28,40
0.552,0.846,0.5,29,56,0.467,0.619,0.314,29,28
0.402,0.895,0.306,21,41,0.494,0.682,0.375,22,49
0.427,0.808,0.25,18,32,0.506,0.739,0.415,30,46
0.346,0.684,0.22,18,45,0.397,0.85,0.39,16,46
0.473,0.913,0.452,29,46,0.432,0.857,0.344,25,43
0.415,0.824,0.364,22,49,0.425,0.692,0.366,23,50
0.527,0.778,0.5,29,43,0.444,0.647,0.351,24,39
0.462,0.786,0.39,26,49,0.414,0.778,0.208,23,46
0.321,0.8,0.209,15,46,0.418,0.64,0.27,24,50
0.494,0.714,0.429,24,35,0.463,0.889,0.286,19,47
0.436,0.8,0.25,19,44,0.466,0.85,0.4,17,42
0.489,0.75,0.458,34,42,0.436,0.867,0.371,23,52
0.519,0.571,0.471,28,36,0.473,0.923,0.296,24,44
0.457,0.938,0.35,27,39,0.603,0.917,0.583,33,35
0.489,0.75,0.333,25,40,0.43,0.724,0.235,21,56
0.488,0.667,0.4,33,53,0.374,0.737,0.278,18,49
0.525,0.818,0.333,27,37,0.43,0.867,0.353,24,40
0.323,0.7,0.17,21,43,0.5,0.762,0.459,28,52
0.44,0.71,0.333,17,41,0.518,0.867,0.52,25,45
0.439,0.704,0.292,16,59,0.452,0.708,0.387,24,38
0.524,0.944,0.346,32,42,0.396,0.938,0.333,21,43
0.527,0.75,0.24,26,43,0.527,0.417,0.381,27,38
0.416,0.733,0.385,27,46,0.433,0.684,0.321,21,49
0.571,0.75,0.474,37,39,0.528,0.714,0.5,34,36
0.518,0.875,0.361,34,34,0.476,0.611,0.353,21,45
0.458,1,0.382,24,47,0.477,1,0.333,27,36
0.438,0.75,0.455,20,38,0.57,0.944,0.419,30,50
0.461,0.75,0.421,20,41,0.434,0.929,0.333,24,48
0.454,0.714,0.382,20,55,0.443,0.667,0.237,27,40
0.371,0.579,0.275,21,47,0.451,0.8,0.395,21,51
0.38,0.737,0.357,18,51,0.389,0.813,0.297,17,51
0.444,0.65,0.324,24,45,0.396,0.8,0.194,20,56
0.517,0.619,0.476,36,44,0.443,0.909,0.315,30,47
0.406,0.833,0.293,16,44,0.467,0.926,0.324,13,44
0.653,0.625,0.52,30,41,0.405,0.682,0.364,21,29
0.406,0.615,0.29,22,43,0.421,0.517,0.214,18,55
0.365,0.806,0.278,19,62,0.411,0.88,0.077,23,54
0.404,0.8,0.326,26,48,0.437,0.733,0.5,21,46
0.457,0.917,0.333,30,43,0.519,0.8,0.576,22,37
0.432,0.688,0.302,25,40,0.424,0.667,0.344,18,48
0.429,0.8,0.238,16,45,0.38,0.947,0.289,15,54
0.386,0.905,0.32,26,32,0.523,0.842,0.568,31,50
0.404,0.688,0.256,20,52,0.411,0.708,0.226,28,49
0.424,0.5,0.389,30,56,0.349,0.762,0.205,14,45
0.393,0.889,0.317,21,46,0.409,0.75,0.243,24,48
0.464,0.63,0.231,27,52,0.396,0.857,0.318,21,47
0.5,0.682,0.3,18,40,0.471,0.688,0.471,24,46
0.447,0.756,0.231,20,50,0.398,0.696,0.276,20,46
0.473,1,0.257,23,60,0.389,0.727,0.351,21,37
0.429,0.64,0.265,18,49,0.5,0.96,0.333,19,45
0.518,0.692,0.306,28,51,0.295,0.778,0.216,14,36
0.418,0.625,0.463,21,63,0.391,0.563,0.357,17,43
0.548,0.9,0.444,24,42,0.425,0.682,0.353,28,36
0.5,0.917,0.444,22,46,0.407,0.704,0.333,22,37
0.429,0.909,0.344,25,37,0.459,0.75,0.379,16,49
0.326,0.87,0.205,15,41,0.482,0.8,0.348,24,58
0.461,0.308,0.4,18,45,0.443,0.6,0.4,21,48
0.433,0.75,0.35,29,48,0.402,1,0.25,25,51
0.489,0.769,0.375,22,33,0.518,0.833,0.467,22,40
0.435,0.821,0.345,18,37,0.512,0.724,0.36,18,47
0.388,0.929,0.326,21,42,0.396,0.846,0.276,21,62
0.46,0.632,0.467,22,41,0.481,0.824,0.345,19,40
0.43,0.889,0.306,24,44,0.417,0.824,0.267,21,55
0.411,0.762,0.275,22,43,0.473,0.824,0.289,29,49
0.5,0.759,0.405,21,42,0.5,0.857,0.314,29,40
0.452,0.708,0.273,23,56,0.442,0.733,0.395,28,40
0.464,0.742,0.417,22,48,0.365,0.474,0.34,27,50
0.356,0.615,0.22,19,36,0.407,0.852,0.15,12,57
0.471,0.933,0.432,24,45,0.439,0.882,0.293,24,40
0.462,0.72,0.279,25,50,0.419,0.692,0.41,24,49
0.518,0.759,0.308,20,41,0.506,0.667,0.357,19,35
0.447,0.643,0.432,26,52,0.495,0.84,0.38,33,53
0.444,0.882,0.389,23,47,0.482,0.839,0.344,24,42
0.511,0.857,0.375,24,49,0.44,0.833,0.273,26,36
0.426,0.824,0.286,23,54,0.347,0.75,0.231,16,53
0.471,1,0.222,28,42,0.407,0.632,0.273,21,39
0.482,0.8,0.4,27,47,0.481,0.955,0.444,24,29
0.344,0.778,0.3,20,41,0.448,0.826,0.333,19,60
0.407,0.667,0.237,21,47,0.463,0.8,0.28,26,49
0.473,0.737,0.326,37,43,0.376,0.778,0.216,15,47
0.437,0.833,0.257,18,44,0.457,0.789,0.333,26,48
0.37,0.68,0.271,20,52,0.409,0.765,0.279,22,57
0.427,0.792,0.438,20,40,0.442,0.8,0.319,22,43
0.476,0.789,0.258,24,42,0.466,0.8,0.415,25,47
0.488,0.615,0.326,26,47,0.443,0.833,0.351,26,43
0.536,0.682,0.533,29,36,0.45,0.833,0.371,25,49
0.416,0.741,0.25,23,54,0.384,0.6,0.294,20,54
0.392,0.762,0.256,18,55,0.385,0.857,0.273,18,55
0.4,0.696,0.297,17,49,0.418,0.722,0.333,24,50
0.417,0.842,0.423,24,42,0.386,0.6,0.179,14,53
0.406,0.6,0.316,22,47,0.348,0.783,0.225,15,61
0.485,0.833,0.256,29,38,0.53,0.818,0.429,21,44
0.543,0.647,0.42,24,48,0.483,0.667,0.321,27,38
0.434,0.882,0.333,23,44,0.467,0.84,0.417,26,48
0.512,0.85,0.29,26,36,0.527,0.824,0.406,32,46
0.398,0.867,0.395,24,46,0.5,0.529,0.444,34,38
0.521,0.947,0.5,24,38,0.536,0.75,0.441,28,42
0.39,0.727,0.324,19,42,0.42,1,0.286,22,60
0.473,0.818,0.389,17,35,0.466,0.833,0.316,26,47
0.528,0.8,0.5,32,46,0.483,0.813,0.517,26,42
0.505,0.786,0.447,29,54,0.374,0.563,0.326,22,39
0.512,0.625,0.3,26,41,0.476,0.714,0.25,24,39
0.395,0.759,0.441,25,46,0.488,0.75,0.313,31,47
0.394,0.714,0.222,20,52,0.411,0.87,0.381,16,51
0.479,0.889,0.429,31,55,0.333,0.923,0.302,16,50
0.531,0.645,0.429,28,58,0.381,0.655,0.286,19,38
0.518,0.636,0.484,27,53,0.438,0.714,0.35,24,39
0.43,0.667,0.419,29,46,0.467,0.875,0.362,29,51
0.4,0.769,0.214,17,47,0.43,0.867,0.304,18,48
0.486,0.704,0.378,27,55,0.41,0.739,0.368,34,56
0.309,0.727,0.206,14,54,0.444,0.808,0.185,20,51
0.53,1,0.424,28,53,0.505,0.722,0.368,38,36
0.483,0.774,0.421,26,46,0.455,0.682,0.333,21,41
0.419,0.667,0.433,28,44,0.518,0.8,0.52,24,47
0.5,0.667,0.433,32,43,0.407,0.783,0.31,17,44
0.44,0.867,0.298,18,53,0.374,0.611,0.2,19,50
0.414,0.706,0.378,23,45,0.53,0.556,0.436,25,46
0.484,0.864,0.343,25,49,0.457,0.793,0.415,24,43
0.457,0.778,0.378,25,54,0.44,0.565,0.531,19,44
0.474,0.474,0.357,21,45,0.441,0.833,0.359,30,50
0.461,0.931,0.4,19,47,0.444,0.8,0.293,20,36
0.487,0.829,0.333,24,47,0.453,0.75,0.429,20,38
0.41,0.632,0.318,26,38,0.525,0.565,0.406,24,50
0.412,0.842,0.357,24,48,0.494,0.655,0.4,25,47
0.462,0.875,0.407,26,43,0.46,0.632,0.351,25,45
0.448,0.778,0.275,21,44,0.449,0.857,0.359,30,55
0.469,0.724,0.385,30,53,0.34,0.684,0.182,15,59
0.446,0.722,0.348,31,57,0.402,0.867,0.25,21,42
0.485,0.769,0.413,33,51,0.385,0.75,0.342,23,51
0.463,0.842,0.417,24,46,0.413,1,0.25,23,43
0.427,0.667,0.319,29,52,0.437,0.842,0.438,18,43
0.398,0.808,0.362,22,49,0.468,0.625,0.31,25,56
0.495,0.867,0.39,30,55,0.298,0.72,0.154,12,45
0.274,0.476,0.158,10,43,0.511,0.75,0.391,29,59
0.442,0.741,0.2,23,44,0.433,1,0.364,21,46
0.464,0.889,0.29,18,47,0.429,0.786,0.333,23,45
0.451,0.813,0.394,28,47,0.404,0.739,0.297,24,48
0.488,0.68,0.382,19,49,0.4,0.762,0.25,23,42
0.489,0.783,0.435,24,48,0.466,0.8,0.41,22,43
0.432,0.75,0.395,27,52,0.411,0.741,0.429,26,56
0.414,0.773,0.323,22,52,0.424,0.727,0.224,29,51
0.456,0.625,0.357,22,43,0.436,0.652,0.3,23,46
0.419,0.667,0.333,23,46,0.465,0.846,0.324,25,48
0.494,0.56,0.361,25,41,0.506,0.846,0.417,18,38
0.464,0.88,0.375,26,54,0.42,0.773,0.25,17,37
0.511,0.882,0.381,30,48,0.437,0.667,0.345,21,35
0.479,0.792,0.207,17,45,0.438,0.8,0.378,25,31
0.418,0.875,0.263,26,44,0.516,0.783,0.4,32,50
0.463,0.75,0.444,23,38,0.452,0.625,0.343,26,42
0.477,0.476,0.292,32,42,0.418,0.864,0.25,18,52
0.543,0.615,0.541,32,55,0.418,0.692,0.352,25,35
0.376,0.682,0.357,23,36,0.522,0.909,0.31,26,56
0.469,0.857,0.475,29,49,0.406,0.722,0.348,25,45
0.382,0.788,0.161,17,43,0.452,0.773,0.462,27,49
0.356,1,0.222,22,55,0.388,0.813,0.4,22,52
0.424,0.737,0.412,20,30,0.506,0.636,0.308,25,50
0.506,0.727,0.385,27,37,0.494,0.69,0.484,16,49
0.49,0.789,0.343,32,58,0.333,0.789,0.205,18,45
0.455,0.684,0.333,28,39,0.457,0.75,0.333,20,53
0.454,0.722,0.357,30,42,0.429,0.719,0.361,22,56
0.364,0.842,0.244,25,36,0.5,0.667,0.35,26,68
0.54,0.765,0.486,28,37,0.483,0.857,0.297,21,33
0.409,0.697,0.297,22,49,0.482,0.679,0.3,28,47
0.444,0.947,0.393,31,52,0.464,0.789,0.353,24,40
0.511,0.846,0.353,25,41,0.419,0.625,0.343,22,57
0.396,0.765,0.407,27,45,0.442,0.733,0.3,23,44
0.385,0.706,0.514,28,53,0.36,0.929,0.324,19,47
0.473,0.7,0.367,25,54,0.415,0.636,0.308,26,40
0.476,0.792,0.457,27,42,0.484,0.867,0.385,28,43
0.38,0.76,0.257,19,56,0.449,0.647,0.326,24,50
0.465,0.917,0.297,26,49,0.413,0.813,0.341,26,54
0.468,0.722,0.432,36,57,0.357,0.714,0.303,21,51
0.512,0.595,0.395,24,48,0.438,0.778,0.31,19,45
0.467,0.8,0.31,22,42,0.419,0.75,0.281,21,35
0.5,0.667,0.441,33,57,0.417,0.731,0.235,19,40
0.352,0.87,0.35,19,51,0.404,0.571,0.405,25,50
0.524,0.75,0.512,28,44,0.4,0.917,0.237,19,33
0.457,0.773,0.326,30,49,0.414,0.769,0.324,21,53
0.384,0.696,0.319,21,43,0.494,0.667,0.273,25,54
0.465,0.76,0.353,22,60,0.317,0.6,0.233,14,47
0.446,0.773,0.421,21,53,0.42,0.765,0.348,32,47
0.473,0.684,0.34,22,51,0.467,0.846,0.314,24,38
0.432,0.76,0.333,26,52,0.43,0.621,0.27,20,45
0.364,0.688,0.314,17,41,0.483,0.725,0.417,20,54
